CLAIM_ID,POLICY_ID,PARTY_ID,LOSS_DATE,REPORT_DATE,CLAIM_STATUS,CLAIM_TYPE,RESERVE_AMOUNT,PAID_AMOUNT,FAULT_INDICATOR
CLM-00001,POL-00551,CUST-00388,2026-09-04,2026-09-05,OPEN,THEFT,57150.3,1420.96,AT_FAULT
CLM-00002,POL-00551,CUST-00388,2026-08-19,2026-08-24,CLOSED,THEFT,64852.85,60157.95,PARTIAL
CLM-00003,POL-00075,CUST-00052,2025-12-24,2025-12-24,CLOSED,COLLISION,20889.01,20650.68,NOT_AT_FAULT
CLM-00004,POL-00410,CUST-00280,2026-06-04,2026-06-06,OPEN,COLLISION,7024.04,1881.49,NOT_AT_FAULT
CLM-00005,POL-00386,CUST-00262,2026-09-26,2026-09-26,REOPENED,THEFT,1031.75,285.55,AT_FAULT
CLM-00006,POL-00223,CUST-00151,2026-09-20,2026-09-20,CLOSED,THEFT,92699.83,61947.7,PARTIAL
CLM-00007,POL-00223,CUST-00151,2026-09-07,2026-09-08,CLOSED,THEFT,24451.71,20618.97,PARTIAL
CLM-00008,POL-00361,CUST-00244,2026-08-21,2026-08-26,CLOSED,LIABILITY,127971.31,97962.81,PARTIAL
CLM-00009,POL-00582,CUST-00411,2026-07-20,2026-07-22,REOPENED,LIABILITY,44754.34,9474.37,NOT_AT_FAULT
CLM-00010,POL-00190,CUST-00129,2026-03-29,2026-03-31,OPEN,COLLISION,36861.51,1644.62,AT_FAULT
CLM-00011,POL-00012,CUST-00009,2026-07-30,2026-08-03,DENIED,COLLISION,17043.5,0,NOT_AT_FAULT
CLM-00012,POL-00115,CUST-00080,2026-01-16,2026-01-18,OPEN,THEFT,87311.28,18823.63,NOT_AT_FAULT
CLM-00013,POL-00164,CUST-00112,2026-10-01,2026-10-06,OPEN,LIABILITY,134442.86,26465.68,NOT_AT_FAULT
CLM-00014,POL-00642,CUST-00452,2026-02-02,2026-02-04,CLOSED,PROPERTY_DAMAGE,126327.08,108962.05,NOT_AT_FAULT
CLM-00015,POL-00314,CUST-00210,2026-08-07,2026-08-10,OPEN,LIABILITY,117774.99,30476.91,NOT_AT_FAULT
CLM-00016,POL-00066,CUST-00044,2026-08-20,2026-08-25,REOPENED,LIABILITY,99102.32,28483.94,PARTIAL
CLM-00017,POL-00026,CUST-00020,2026-07-08,2026-07-08,DENIED,COLLISION,143189.15,0,NOT_AT_FAULT
CLM-00018,POL-00026,CUST-00020,2026-06-14,2026-06-17,DENIED,LIABILITY,23077.0,0,AT_FAULT
CLM-00019,POL-00585,CUST-00413,2026-09-30,2026-10-02,REOPENED,WEATHER,63262.66,14630.0,PARTIAL
CLM-00020,POL-00253,CUST-00169,2025-10-23,2025-10-27,CLOSED,COLLISION,16584.99,13933.01,PARTIAL
CLM-00021,POL-00597,CUST-00422,2026-01-03,2026-01-05,OPEN,THEFT,111863.82,9176.62,NOT_AT_FAULT
CLM-00022,POL-00432,CUST-00296,2026-09-09,2026-09-13,REOPENED,COLLISION,65805.71,18751.01,AT_FAULT
CLM-00023,POL-00432,CUST-00296,2026-08-23,2026-08-28,OPEN,LIABILITY,81280.05,18428.79,AT_FAULT
CLM-00024,POL-00025,CUST-00019,2025-12-22,2025-12-25,OPEN,PROPERTY_DAMAGE,71703.12,18891.64,NOT_AT_FAULT
CLM-00025,POL-00515,CUST-00359,2026-04-26,2026-04-28,DENIED,WEATHER,67941.43,0,NOT_AT_FAULT
CLM-00026,POL-00515,CUST-00359,2026-01-17,2026-01-18,OPEN,THEFT,59827.07,76.91,AT_FAULT
CLM-00027,POL-00466,CUST-00323,2026-07-12,2026-07-13,CLOSED,PROPERTY_DAMAGE,8116.8,2867.45,NOT_AT_FAULT
CLM-00028,POL-00390,CUST-00265,2026-09-17,2026-09-20,CLOSED,THEFT,119399.83,89312.72,NOT_AT_FAULT
CLM-00029,POL-00528,CUST-00370,2026-05-16,2026-05-19,REOPENED,WEATHER,80579.41,13352.63,AT_FAULT
CLM-00030,POL-00528,CUST-00370,2026-07-02,2026-07-05,OPEN,THEFT,27408.27,5394.79,AT_FAULT
CLM-00031,POL-00405,CUST-00277,2026-08-09,2026-08-11,OPEN,LIABILITY,4082.94,159.08,PARTIAL
CLM-00032,POL-00380,CUST-00258,2025-07-20,2025-07-25,CLOSED,THEFT,62920.77,58778.58,AT_FAULT
CLM-00033,POL-00380,CUST-00258,2025-07-17,2025-07-19,CLOSED,THEFT,47114.37,32020.04,PARTIAL
CLM-00034,POL-00330,CUST-00223,2026-08-16,2026-08-17,DENIED,COLLISION,143084.24,0,AT_FAULT
CLM-00035,POL-00428,CUST-00293,2026-09-02,2026-09-04,REOPENED,COLLISION,114970.14,11641.76,PARTIAL
CLM-00036,POL-00428,CUST-00293,2026-08-26,2026-08-30,CLOSED,COLLISION,72705.04,53078.77,AT_FAULT
CLM-00037,POL-00056,CUST-00038,2026-02-07,2026-02-09,CLOSED,COLLISION,82250.36,39084.81,AT_FAULT
CLM-00038,POL-00593,CUST-00419,2026-09-04,2026-09-04,REOPENED,WEATHER,22726.13,1093.17,PARTIAL
CLM-00039,POL-00593,CUST-00419,2026-08-24,2026-08-25,CLOSED,THEFT,5438.58,4880.88,NOT_AT_FAULT
CLM-00040,POL-00670,CUST-00470,2026-10-02,2026-10-05,CLOSED,WEATHER,93540.19,59715.7,PARTIAL
CLM-00041,POL-00140,CUST-00097,2026-08-05,2026-08-10,CLOSED,LIABILITY,84061.21,52159.75,NOT_AT_FAULT
CLM-00042,POL-00140,CUST-00097,2026-09-13,2026-09-14,DENIED,PROPERTY_DAMAGE,68483.5,0,AT_FAULT
CLM-00043,POL-00503,CUST-00348,2025-12-03,2025-12-08,REOPENED,THEFT,62914.52,15807.63,NOT_AT_FAULT
CLM-00044,POL-00561,CUST-00396,2026-08-22,2026-08-23,DENIED,THEFT,78556.61,0,AT_FAULT
CLM-00045,POL-00561,CUST-00396,2026-09-23,2026-09-24,CLOSED,THEFT,149424.22,120754.58,NOT_AT_FAULT
CLM-00046,POL-00498,CUST-00345,2026-05-20,2026-05-25,CLOSED,LIABILITY,81025.15,48448.86,AT_FAULT
CLM-00047,POL-00590,CUST-00417,2025-11-27,2025-11-29,OPEN,COLLISION,104690.11,25618.51,AT_FAULT
CLM-00048,POL-00590,CUST-00417,2026-03-22,2026-03-24,DENIED,COLLISION,146294.3,0,NOT_AT_FAULT
CLM-00049,POL-00039,CUST-00027,2026-05-12,2026-05-17,CLOSED,COLLISION,4896.02,2446.09,AT_FAULT
CLM-00050,POL-00628,CUST-00443,2025-12-22,2025-12-26,OPEN,PROPERTY_DAMAGE,55017.29,1570.59,NOT_AT_FAULT
CLM-00051,POL-00628,CUST-00443,2026-04-01,2026-04-03,DENIED,WEATHER,86885.29,0,PARTIAL
CLM-00052,POL-00646,CUST-00454,2026-01-18,2026-01-18,CLOSED,PROPERTY_DAMAGE,121924.99,83427.85,PARTIAL
CLM-00053,POL-00646,CUST-00454,2026-09-10,2026-09-14,CLOSED,THEFT,15964.92,9300.44,AT_FAULT
CLM-00054,POL-00707,CUST-00496,2026-09-20,2026-09-23,CLOSED,THEFT,41088.18,13823.6,AT_FAULT
CLM-00055,POL-00074,CUST-00051,2026-05-29,2026-05-29,DENIED,COLLISION,70914.24,0,NOT_AT_FAULT
CLM-00056,POL-00174,CUST-00120,2024-12-15,2024-12-17,CLOSED,LIABILITY,13219.32,5523.9,PARTIAL
CLM-00057,POL-00438,CUST-00301,2026-01-25,2026-01-30,DENIED,PROPERTY_DAMAGE,33544.26,0,PARTIAL
CLM-00058,POL-00438,CUST-00301,2026-02-05,2026-02-06,OPEN,LIABILITY,148457.38,235.45,PARTIAL
CLM-00059,POL-00385,CUST-00261,2026-09-16,2026-09-21,OPEN,COLLISION,74405.27,5310.57,NOT_AT_FAULT
CLM-00060,POL-00385,CUST-00261,2026-08-01,2026-08-05,OPEN,COLLISION,123928.78,10882.42,AT_FAULT
CLM-00061,POL-00505,CUST-00350,2026-08-26,2026-08-29,REOPENED,LIABILITY,41134.68,7606.44,AT_FAULT
CLM-00062,POL-00311,CUST-00208,2026-04-10,2026-04-15,OPEN,COLLISION,146694.56,17847.37,AT_FAULT
CLM-00063,POL-00311,CUST-00208,2026-04-09,2026-04-14,CLOSED,COLLISION,122352.49,86398.34,PARTIAL
CLM-00064,POL-00162,CUST-00111,2025-12-19,2025-12-20,REOPENED,THEFT,7938.07,171.94,NOT_AT_FAULT
CLM-00065,POL-00160,CUST-00110,2026-01-11,2026-01-13,REOPENED,THEFT,1419.83,89.54,AT_FAULT
CLM-00066,POL-00226,CUST-00153,2026-02-04,2026-02-07,CLOSED,COLLISION,67614.1,27241.13,PARTIAL
CLM-00067,POL-00226,CUST-00153,2026-08-21,2026-08-21,DENIED,LIABILITY,146610.25,0,NOT_AT_FAULT
CLM-00068,POL-00104,CUST-00072,2026-08-24,2026-08-26,CLOSED,COLLISION,128805.68,51798.02,NOT_AT_FAULT
CLM-00069,POL-00445,CUST-00308,2026-07-06,2026-07-11,CLOSED,LIABILITY,142422.31,86338.62,NOT_AT_FAULT
CLM-00070,POL-00320,CUST-00215,2026-07-18,2026-07-19,CLOSED,COLLISION,112500.32,75037.42,AT_FAULT
CLM-00071,POL-00455,CUST-00315,2026-05-18,2026-05-19,CLOSED,WEATHER,64496.69,19970.58,PARTIAL
CLM-00072,POL-00256,CUST-00170,2026-08-10,2026-08-12,CLOSED,WEATHER,67952.12,53131.87,NOT_AT_FAULT
CLM-00073,POL-00046,CUST-00031,2026-08-21,2026-08-23,CLOSED,WEATHER,66281.26,26077.75,AT_FAULT
CLM-00074,POL-00046,CUST-00031,2026-09-23,2026-09-26,CLOSED,WEATHER,17363.84,13975.63,PARTIAL
CLM-00075,POL-00049,CUST-00033,2026-03-11,2026-03-13,DENIED,THEFT,112214.04,0,AT_FAULT
CLM-00076,POL-00353,CUST-00238,2025-12-05,2025-12-06,DENIED,PROPERTY_DAMAGE,121646.81,0,PARTIAL
CLM-00077,POL-00013,CUST-00010,2026-04-12,2026-04-16,OPEN,THEFT,138352.29,26045.62,PARTIAL
CLM-00078,POL-00013,CUST-00010,2025-06-03,2025-06-04,REOPENED,LIABILITY,115505.48,26670.9,NOT_AT_FAULT
CLM-00079,POL-00150,CUST-00103,2026-03-30,2026-04-02,CLOSED,PROPERTY_DAMAGE,110160.22,88636.73,NOT_AT_FAULT
CLM-00080,POL-00224,CUST-00152,2026-03-17,2026-03-21,CLOSED,LIABILITY,100805.61,98029.2,PARTIAL
CLM-00081,POL-00483,CUST-00334,2026-02-15,2026-02-18,CLOSED,COLLISION,133648.3,70472.82,NOT_AT_FAULT
CLM-00082,POL-00709,CUST-00498,2025-05-17,2025-05-21,CLOSED,COLLISION,65192.66,45224.45,PARTIAL
CLM-00083,POL-00482,CUST-00333,2026-07-28,2026-07-29,CLOSED,PROPERTY_DAMAGE,31538.94,18565.46,PARTIAL
CLM-00084,POL-00170,CUST-00117,2026-07-24,2026-07-28,CLOSED,COLLISION,33889.09,15255.97,NOT_AT_FAULT
CLM-00085,POL-00492,CUST-00340,2026-07-17,2026-07-17,REOPENED,LIABILITY,18921.34,1591.72,PARTIAL
CLM-00086,POL-00627,CUST-00443,2026-09-30,2026-10-01,CLOSED,COLLISION,92154.33,33678.46,NOT_AT_FAULT
CLM-00087,POL-00627,CUST-00443,2026-09-04,2026-09-08,CLOSED,THEFT,140802.49,66014.82,NOT_AT_FAULT
CLM-00088,POL-00298,CUST-00198,2026-09-24,2026-09-25,OPEN,THEFT,109571.02,30446.33,NOT_AT_FAULT
CLM-00089,POL-00243,CUST-00163,2026-04-23,2026-04-26,DENIED,LIABILITY,14217.82,0,PARTIAL
CLM-00090,POL-00243,CUST-00163,2026-04-26,2026-04-30,CLOSED,PROPERTY_DAMAGE,104760.48,99968.57,NOT_AT_FAULT
CLM-00092,POL-00073,CUST-00050,2026-08-14,2026-08-15,OPEN,THEFT,27729.34,6881.96,AT_FAULT
CLM-00093,POL-00187,CUST-00127,2026-01-20,2026-01-20,OPEN,WEATHER,93178.29,880.28,PARTIAL
CLM-00094,POL-00042,CUST-00029,2026-06-06,2026-06-08,OPEN,LIABILITY,125377.21,16242.21,PARTIAL
CLM-00095,POL-00042,CUST-00029,2026-05-01,2026-05-02,CLOSED,COLLISION,26534.9,8612.98,AT_FAULT
CLM-00096,POL-00309,CUST-00206,2026-06-10,2026-06-10,CLOSED,COLLISION,32555.99,13270.4,AT_FAULT
CLM-00097,POL-00556,CUST-00392,2026-05-22,2026-05-24,OPEN,THEFT,133071.84,6283.54,PARTIAL
CLM-00098,POL-00634,CUST-00448,2026-09-07,2026-09-08,REOPENED,LIABILITY,26648.12,6688.86,NOT_AT_FAULT
CLM-00099,POL-00254,CUST-00169,2025-09-15,2025-09-19,CLOSED,PROPERTY_DAMAGE,30244.18,15329.99,PARTIAL
CLM-00100,POL-00537,CUST-00378,2024-11-29,2024-12-03,CLOSED,WEATHER,135223.81,62313.36,PARTIAL
CLM-00101,POL-00704,CUST-00494,2026-01-11,2026-01-15,CLOSED,LIABILITY,8871.92,3778.15,AT_FAULT
CLM-00102,POL-00567,CUST-00399,2026-02-11,2026-02-11,CLOSED,LIABILITY,36982.72,25392.12,NOT_AT_FAULT
CLM-00103,POL-00567,CUST-00399,2026-07-06,2026-07-10,CLOSED,PROPERTY_DAMAGE,50479.3,19955.78,AT_FAULT
CLM-00104,POL-00130,CUST-00089,2026-06-27,2026-06-28,CLOSED,COLLISION,105117.55,38112.28,AT_FAULT
CLM-00105,POL-00088,CUST-00060,2026-07-01,2026-07-04,OPEN,PROPERTY_DAMAGE,110923.43,10709.96,AT_FAULT
CLM-00106,POL-00527,CUST-00369,2026-06-15,2026-06-15,CLOSED,LIABILITY,117227.09,98788.79,PARTIAL
CLM-00107,POL-00399,CUST-00272,2026-09-24,2026-09-29,CLOSED,PROPERTY_DAMAGE,25573.67,20958.61,PARTIAL
CLM-00108,POL-00433,CUST-00297,2026-02-17,2026-02-22,CLOSED,COLLISION,66407.88,61494.1,PARTIAL
CLM-00109,POL-00538,CUST-00379,2026-09-07,2026-09-12,OPEN,THEFT,4850.35,217.94,NOT_AT_FAULT
CLM-00110,POL-00302,CUST-00201,2026-05-31,2026-05-31,OPEN,THEFT,97195.45,21942.73,NOT_AT_FAULT
CLM-00111,POL-00664,CUST-00467,2026-09-14,2026-09-15,OPEN,THEFT,81461.99,7018.37,PARTIAL
CLM-00112,POL-00683,CUST-00479,2025-12-16,2025-12-17,CLOSED,LIABILITY,75710.9,64491.82,NOT_AT_FAULT
CLM-00113,POL-00683,CUST-00479,2026-05-20,2026-05-23,CLOSED,LIABILITY,70629.6,23371.51,AT_FAULT
CLM-00114,POL-00603,CUST-00425,2026-07-08,2026-07-09,CLOSED,THEFT,14214.59,11467.33,NOT_AT_FAULT
CLM-00115,POL-00177,CUST-00122,2026-07-16,2026-07-19,OPEN,COLLISION,62532.89,14964.75,PARTIAL
CLM-00116,POL-00596,CUST-00421,2026-08-24,2026-08-26,OPEN,LIABILITY,47208.83,2410.99,PARTIAL
CLM-00117,POL-00324,CUST-00218,2026-07-31,2026-08-04,OPEN,THEFT,70995.61,8662.85,AT_FAULT
CLM-00118,POL-00286,CUST-00190,2026-09-26,2026-09-30,CLOSED,PROPERTY_DAMAGE,116082.6,98093.24,PARTIAL
CLM-00119,POL-00263,CUST-00175,2026-06-10,2026-06-10,CLOSED,COLLISION,139292.65,126154.0,NOT_AT_FAULT
CLM-00120,POL-00023,CUST-00018,2026-05-03,2026-05-07,REOPENED,THEFT,1740.79,326.7,NOT_AT_FAULT
CLM-00121,POL-00023,CUST-00018,2026-09-13,2026-09-14,CLOSED,LIABILITY,75268.64,71627.88,PARTIAL
CLM-00122,POL-00499,CUST-00345,2026-06-29,2026-07-03,OPEN,LIABILITY,40902.12,1900.24,AT_FAULT
CLM-00123,POL-00630,CUST-00444,2026-08-06,2026-08-10,OPEN,WEATHER,78736.8,15239.97,PARTIAL
CLM-00124,POL-00316,CUST-00211,2026-08-07,2026-08-09,CLOSED,COLLISION,132037.47,109529.78,AT_FAULT
CLM-00125,POL-00316,CUST-00211,2026-07-28,2026-08-02,OPEN,THEFT,65202.47,2036.13,NOT_AT_FAULT
CLM-00126,POL-00383,CUST-00260,2026-02-04,2026-02-07,CLOSED,THEFT,59092.25,32398.7,NOT_AT_FAULT
CLM-00127,POL-00694,CUST-00488,2026-04-07,2026-04-08,CLOSED,COLLISION,108447.49,60549.85,PARTIAL
CLM-00128,POL-00694,CUST-00488,2026-09-18,2026-09-19,CLOSED,THEFT,4466.35,1604.42,NOT_AT_FAULT
CLM-00129,POL-00348,CUST-00235,2026-03-01,2026-03-03,CLOSED,THEFT,76277.23,71901.66,AT_FAULT
CLM-00130,POL-00573,CUST-00403,2025-05-03,2025-05-04,OPEN,WEATHER,124731.93,10306.59,PARTIAL
CLM-00131,POL-00573,CUST-00403,2025-01-03,2025-01-06,OPEN,PROPERTY_DAMAGE,101377.99,10338.4,NOT_AT_FAULT
CLM-00132,POL-00467,CUST-00324,2026-08-05,2026-08-07,CLOSED,COLLISION,32131.64,26847.03,NOT_AT_FAULT
CLM-00133,POL-00679,CUST-00476,2026-08-04,2026-08-06,OPEN,THEFT,19204.88,4196.94,AT_FAULT
CLM-00134,POL-00600,CUST-00423,2026-01-06,2026-01-06,OPEN,LIABILITY,79405.5,17181.41,AT_FAULT
CLM-00135,POL-00600,CUST-00423,2026-08-26,2026-08-26,OPEN,WEATHER,36923.35,1012.65,PARTIAL
CLM-00136,POL-00300,CUST-00200,2026-04-09,2026-04-10,CLOSED,LIABILITY,149917.09,49090.02,NOT_AT_FAULT
CLM-00137,POL-00122,CUST-00084,2025-11-25,2025-11-25,REOPENED,THEFT,114441.68,17051.8,NOT_AT_FAULT
CLM-00138,POL-00122,CUST-00084,2026-05-04,2026-05-04,CLOSED,THEFT,128898.39,108949.99,PARTIAL
CLM-00139,POL-00166,CUST-00114,2026-06-24,2026-06-24,REOPENED,COLLISION,123231.98,36868.41,AT_FAULT
CLM-00140,POL-00166,CUST-00114,2026-09-06,2026-09-06,CLOSED,LIABILITY,17690.18,6890.94,PARTIAL
CLM-00141,POL-00259,CUST-00173,2025-07-28,2025-07-29,OPEN,LIABILITY,71368.68,15048.2,NOT_AT_FAULT
CLM-00142,POL-00677,CUST-00475,2026-09-13,2026-09-17,CLOSED,THEFT,136282.59,128333.29,PARTIAL
CLM-00143,POL-00677,CUST-00475,2026-08-08,2026-08-09,CLOSED,THEFT,119020.3,46864.05,AT_FAULT
CLM-00144,POL-00289,CUST-00192,2026-04-08,2026-04-08,DENIED,THEFT,17219.56,0,NOT_AT_FAULT
CLM-00145,POL-00532,CUST-00373,2026-05-23,2026-05-27,CLOSED,COLLISION,88397.01,73331.05,NOT_AT_FAULT
CLM-00146,POL-00173,CUST-00120,2025-01-12,2025-01-13,OPEN,THEFT,23034.47,1659.47,NOT_AT_FAULT
CLM-00147,POL-00110,CUST-00076,2026-08-11,2026-08-11,CLOSED,LIABILITY,104617.15,94165.28,NOT_AT_FAULT
CLM-00148,POL-00581,CUST-00410,2026-01-08,2026-01-11,REOPENED,COLLISION,124607.88,23568.76,NOT_AT_FAULT
CLM-00149,POL-00422,CUST-00288,2026-05-13,2026-05-16,CLOSED,THEFT,7907.4,6211.9,AT_FAULT
CLM-00150,POL-00477,CUST-00331,2026-05-18,2026-05-18,REOPENED,COLLISION,131349.53,2182.53,AT_FAULT
CLM-00151,POL-00477,CUST-00331,2026-04-14,2026-04-17,CLOSED,THEFT,14168.58,12891.49,AT_FAULT
CLM-00152,POL-00462,CUST-00321,2026-09-27,2026-09-30,CLOSED,THEFT,32715.16,31633.95,AT_FAULT
CLM-00153,POL-00484,CUST-00334,2026-09-01,2026-09-03,CLOSED,PROPERTY_DAMAGE,76852.3,32922.2,PARTIAL
CLM-00154,POL-00710,CUST-00498,2025-10-21,2025-10-24,CLOSED,WEATHER,93555.62,92502.55,NOT_AT_FAULT
CLM-00155,POL-00347,CUST-00234,2026-04-27,2026-04-27,CLOSED,THEFT,1738.89,1164.13,NOT_AT_FAULT
CLM-00156,POL-00091,CUST-00062,2025-04-11,2025-04-13,CLOSED,WEATHER,61711.13,27669.58,PARTIAL
CLM-00157,POL-00091,CUST-00062,2025-04-27,2025-05-01,OPEN,PROPERTY_DAMAGE,16268.74,1808.58,PARTIAL
CLM-00158,POL-00282,CUST-00187,2026-05-18,2026-05-22,CLOSED,THEFT,87545.7,30237.23,NOT_AT_FAULT
CLM-00159,POL-00184,CUST-00126,2025-11-09,2025-11-09,OPEN,LIABILITY,148792.22,26019.26,AT_FAULT
CLM-00160,POL-00553,CUST-00390,2026-07-21,2026-07-25,OPEN,LIABILITY,130567.42,25725.88,PARTIAL
CLM-00161,POL-00629,CUST-00444,2026-09-13,2026-09-18,OPEN,THEFT,114401.58,29316.62,AT_FAULT
CLM-00162,POL-00448,CUST-00310,2025-09-15,2025-09-16,CLOSED,LIABILITY,87312.66,65112.88,PARTIAL
CLM-00163,POL-00448,CUST-00310,2025-08-22,2025-08-23,CLOSED,COLLISION,44866.72,37715.4,NOT_AT_FAULT
CLM-00164,POL-00178,CUST-00122,2026-03-12,2026-03-13,DENIED,PROPERTY_DAMAGE,28558.24,0,AT_FAULT
CLM-00165,POL-00531,CUST-00372,2026-06-06,2026-06-09,CLOSED,PROPERTY_DAMAGE,61765.05,48780.45,PARTIAL
CLM-00166,POL-00511,CUST-00355,2026-08-18,2026-08-23,CLOSED,LIABILITY,145879.04,46880.31,NOT_AT_FAULT
CLM-00167,POL-00031,CUST-00023,2025-04-06,2025-04-08,OPEN,THEFT,34988.44,6368.57,NOT_AT_FAULT
CLM-00168,POL-00693,CUST-00487,2026-07-22,2026-07-24,OPEN,THEFT,21639.94,5823.73,AT_FAULT
CLM-00169,POL-00234,CUST-00158,2025-12-26,2025-12-26,DENIED,LIABILITY,133205.13,0,AT_FAULT
CLM-00170,POL-00234,CUST-00158,2025-10-14,2025-10-19,OPEN,LIABILITY,51859.62,8545.2,AT_FAULT
CLM-00171,POL-00470,CUST-00326,2026-08-17,2026-08-21,OPEN,LIABILITY,99476.87,2790.25,PARTIAL
CLM-00172,POL-00251,CUST-00168,2026-06-01,2026-06-03,CLOSED,COLLISION,138595.75,62595.73,PARTIAL
CLM-00173,POL-00084,CUST-00057,2026-04-15,2026-04-15,OPEN,THEFT,132460.74,30458.99,PARTIAL
CLM-00174,POL-00240,CUST-00162,2026-05-04,2026-05-04,CLOSED,COLLISION,116805.57,67638.52,AT_FAULT
CLM-00175,POL-00276,CUST-00183,2025-07-03,2025-07-07,CLOSED,COLLISION,128340.9,113295.62,AT_FAULT
CLM-00176,POL-00016,CUST-00012,2026-03-24,2026-03-24,CLOSED,THEFT,65702.97,37678.75,NOT_AT_FAULT
CLM-00177,POL-00191,CUST-00130,2025-11-20,2025-11-20,DENIED,LIABILITY,76081.0,0,AT_FAULT
CLM-00178,POL-00618,CUST-00435,2026-05-25,2026-05-29,CLOSED,PROPERTY_DAMAGE,8139.51,2819.17,PARTIAL
CLM-00179,POL-00213,CUST-00145,2026-08-25,2026-08-27,CLOSED,PROPERTY_DAMAGE,128817.69,67626.06,NOT_AT_FAULT
CLM-00180,POL-00065,CUST-00043,2026-07-20,2026-07-25,CLOSED,THEFT,142464.13,106769.92,PARTIAL
CLM-00181,POL-00666,CUST-00468,2026-10-03,2026-10-05,CLOSED,LIABILITY,41248.1,38237.11,NOT_AT_FAULT
CLM-00182,POL-00134,CUST-00091,2026-04-19,2026-04-22,CLOSED,THEFT,141496.71,130149.36,PARTIAL
CLM-00183,POL-00283,CUST-00188,2026-09-19,2026-09-24,CLOSED,LIABILITY,52338.02,36051.74,AT_FAULT
CLM-00184,POL-00663,CUST-00466,2026-08-06,2026-08-11,OPEN,LIABILITY,138501.51,38354.81,AT_FAULT
CLM-00185,POL-00663,CUST-00466,2026-08-16,2026-08-21,REOPENED,PROPERTY_DAMAGE,115597.86,9139.6,NOT_AT_FAULT
CLM-00186,POL-00608,CUST-00428,2026-08-15,2026-08-17,CLOSED,COLLISION,30567.45,18881.71,AT_FAULT
CLM-00187,POL-00608,CUST-00428,2026-01-21,2026-01-23,CLOSED,COLLISION,31190.17,29352.24,NOT_AT_FAULT
CLM-00188,POL-00589,CUST-00416,2026-07-19,2026-07-19,CLOSED,COLLISION,127582.28,118572.39,AT_FAULT
CLM-00189,POL-00227,CUST-00154,2026-07-13,2026-07-17,CLOSED,LIABILITY,17780.38,14673.02,AT_FAULT
CLM-00190,POL-00341,CUST-00229,2026-09-26,2026-09-28,CLOSED,LIABILITY,82370.81,81011.95,NOT_AT_FAULT
CLM-00191,POL-00341,CUST-00229,2025-12-20,2025-12-21,CLOSED,COLLISION,133818.68,91215.12,NOT_AT_FAULT
CLM-00192,POL-00594,CUST-00420,2025-11-08,2025-11-13,REOPENED,THEFT,49130.38,2076.02,NOT_AT_FAULT
CLM-00193,POL-00566,CUST-00399,2026-08-07,2026-08-07,CLOSED,LIABILITY,149244.4,69481.51,AT_FAULT
CLM-00194,POL-00250,CUST-00167,2026-05-05,2026-05-08,CLOSED,PROPERTY_DAMAGE,139224.91,129970.62,PARTIAL
CLM-00195,POL-00489,CUST-00337,2026-09-01,2026-09-05,CLOSED,WEATHER,12201.61,10783.42,PARTIAL
CLM-00196,POL-00489,CUST-00337,2026-06-19,2026-06-22,DENIED,WEATHER,16248.36,0,AT_FAULT
CLM-00197,POL-00575,CUST-00404,2026-10-01,2026-10-04,CLOSED,THEFT,110447.65,71118.8,PARTIAL
CLM-00198,POL-00161,CUST-00110,2026-05-28,2026-05-29,OPEN,WEATHER,131335.25,21251.09,AT_FAULT
CLM-00199,POL-00138,CUST-00095,2026-07-28,2026-08-01,OPEN,LIABILITY,61855.35,6280.88,PARTIAL
CLM-00200,POL-00138,CUST-00095,2026-09-01,2026-09-06,CLOSED,THEFT,88703.13,71266.58,NOT_AT_FAULT
CLM-00201,POL-00355,CUST-00240,2026-03-25,2026-03-28,CLOSED,COLLISION,60996.24,58357.3,AT_FAULT
CLM-00202,POL-00714,CUST-00001,2026-07-22,2026-07-23,OPEN,LIABILITY,85000.0,0.0,NOT_AT_FAULT
