HOUSEHOLD_ID,ADDRESS,STATE,POSTAL_CODE,MEMBER_COUNT
HH-00001,742 Evergreen Terrace,CA,94105,2
HH-00002,3757 Elm St,NY,98696,1
HH-00003,9035 Maple Dr,MD,65302,1
HH-00004,620 Main St,FL,38657,1
HH-00005,3911 Main St,MO,36062,4
HH-00006,9028 Spring St,GA,68878,1
HH-00007,9754 Hill Rd,CA,30926,1
HH-00008,7024 Valley View,NC,30379,1
HH-00009,3627 Valley View,NY,22156,1
HH-00010,6324 Cedar Ln,VA,55082,1
HH-00011,9991 Hill Rd,TX,70217,2
HH-00012,8885 Cedar Ln,WA,20328,2
HH-00013,9144 Forest Way,WI,57400,1
HH-00014,9559 Washington Blvd,FL,16006,1
HH-00015,3833 Forest Way,FL,40512,2
HH-00016,1754 River Rd,NC,69429,2
HH-00017,6077 Park Ave,VA,56566,3
HH-00018,3532 Hill Rd,FL,89840,1
HH-00019,2903 Lake Dr,IL,70589,1
HH-00020,6316 Hill Rd,MO,38785,1
HH-00021,5413 Oak Ave,GA,14207,1
HH-00022,5268 River Rd,NC,18675,1
HH-00023,3556 Valley View,OH,95909,2
HH-00024,8279 River Rd,MA,28726,2
HH-00025,4439 Elm St,GA,83579,2
HH-00026,8930 Hill Rd,MD,66155,1
HH-00027,9660 River Rd,VA,38746,2
HH-00028,2366 High St,FL,16175,3
HH-00029,1896 Elm St,IL,99192,1
HH-00030,7016 Maple Dr,WA,60019,2
HH-00031,9863 Church St,IN,42953,1
HH-00032,9164 Main St,NY,99353,2
HH-00033,8897 Hill Rd,NJ,24621,2
HH-00034,4908 Spring St,IL,69470,1
HH-00035,153 Hill Rd,IN,33416,2
HH-00036,8417 Cedar Ln,MI,93748,2
HH-00037,8417 Washington Blvd,PA,59009,2
HH-00038,2746 Main St,WI,52487,2
HH-00039,8105 Main St,NY,57576,2
HH-00040,5138 Lake Dr,TX,41571,1
HH-00041,9395 Maple Dr,FL,73699,2
HH-00042,1233 Elm St,PA,96474,1
HH-00043,7887 Park Ave,NC,79163,3
HH-00044,7032 Washington Blvd,MO,36365,1
HH-00045,5207 River Rd,VA,67422,3
HH-00046,8579 Church St,NY,42493,1
HH-00047,3781 Maple Dr,NJ,12757,2
HH-00048,9738 Lake Dr,MD,38864,3
HH-00049,217 Maple Dr,TX,40007,2
HH-00050,1204 Oak Ave,NJ,19287,2
HH-00051,8523 Lake Dr,NC,97684,2
HH-00052,8053 Washington Blvd,MO,27342,2
HH-00053,9455 High St,GA,71993,1
HH-00054,6769 Washington Blvd,NY,22704,1
HH-00055,7162 Sunset Blvd,AZ,63883,2
HH-00056,7751 Oak Ave,NY,17944,1
HH-00057,6696 Valley View,NY,42591,3
HH-00058,3239 Washington Blvd,MO,68800,2
HH-00059,2396 Spring St,IL,46509,1
HH-00060,7679 Lake Dr,FL,68082,5
HH-00061,9116 Cedar Ln,TX,95477,1
HH-00062,8956 Main St,FL,40982,1
HH-00063,2824 Spring St,TN,73092,2
HH-00064,3602 River Rd,TX,31579,2
HH-00065,6309 Main St,WA,44760,1
HH-00066,7554 Forest Way,AZ,82845,2
HH-00067,8073 Elm St,OH,48890,1
HH-00068,3666 Oak Ave,MD,81066,3
HH-00069,1098 Valley View,TX,16572,1
HH-00070,9671 High St,IN,79615,1
HH-00071,2679 Oak Ave,IN,20500,1
HH-00072,3144 Maple Dr,WI,18907,2
HH-00073,3953 River Rd,NY,84668,1
HH-00074,4133 Oak Ave,WI,20745,2
HH-00075,6968 Valley View,NC,36772,2
HH-00076,5247 Lake Dr,NC,61876,1
HH-00077,2244 Forest Way,MA,51441,2
HH-00078,1288 Main St,MA,91416,1
HH-00079,9324 Cedar Ln,FL,80468,1
HH-00080,3592 Hill Rd,PA,55745,2
HH-00081,1227 Lake Dr,VA,47353,3
HH-00082,2684 Church St,MO,49651,3
HH-00083,8766 Main St,MO,49240,1
HH-00084,1797 Elm St,NC,25129,1
HH-00085,1853 Elm St,NC,46930,1
HH-00086,3550 Valley View,OH,93130,1
HH-00087,4425 High St,NC,16658,1
HH-00088,1612 Spring St,NC,15778,1
HH-00089,158 Valley View,PA,93507,2
HH-00090,4391 Park Ave,MA,82309,1
HH-00091,7107 Main St,NY,19862,2
HH-00092,2542 Oak Ave,VA,86350,1
HH-00093,9152 Elm St,AZ,26704,1
HH-00094,785 Forest Way,VA,15229,3
HH-00095,5962 Washington Blvd,GA,97416,1
HH-00096,1784 Sunset Blvd,MO,63264,1
HH-00097,2632 Lake Dr,IL,33206,1
HH-00098,6855 Main St,IL,53540,1
HH-00099,6845 Lake Dr,NC,30866,1
HH-00100,1871 River Rd,TX,71694,1
HH-00101,3744 Washington Blvd,MA,55830,1
HH-00102,5100 Lake Dr,GA,13101,1
HH-00103,3264 River Rd,NJ,46517,1
HH-00104,1237 Hill Rd,VA,94080,1
HH-00105,8446 River Rd,MO,53404,1
HH-00106,552 Cedar Ln,NC,33405,2
HH-00107,9612 Hill Rd,TX,24208,1
HH-00108,9874 Spring St,VA,51114,1
HH-00109,7249 Cedar Ln,WA,85574,1
HH-00110,3214 Hill Rd,TX,67154,3
HH-00111,127 Washington Blvd,VA,66531,1
HH-00112,1246 Valley View,WI,51145,4
HH-00113,2141 Forest Way,IN,50538,1
HH-00114,6791 Valley View,WA,48752,2
HH-00115,9183 Elm St,OH,65108,1
HH-00116,6311 Park Ave,WI,84593,2
HH-00117,5030 River Rd,MO,10053,2
HH-00118,5078 Forest Way,OH,66346,2
HH-00119,9602 Valley View,MA,67905,2
HH-00120,7344 Washington Blvd,IN,72021,1
HH-00121,2880 Maple Dr,MI,77561,1
HH-00122,5591 Maple Dr,GA,98184,1
HH-00123,5185 Lake Dr,OH,29313,1
HH-00124,500 Oak Ave,GA,72277,1
HH-00125,1293 Church St,AZ,92544,1
HH-00126,9531 Washington Blvd,WA,74799,1
HH-00127,6647 Lake Dr,PA,95990,1
HH-00128,190 Cedar Ln,AZ,38683,1
HH-00129,2981 Church St,TX,83060,1
HH-00130,4182 Cedar Ln,MA,27477,1
HH-00131,7712 Valley View,MA,90301,1
HH-00132,8370 Spring St,MO,68446,3
HH-00133,2707 High St,MA,43972,1
HH-00134,4150 Hill Rd,IN,73517,1
HH-00135,4019 Hill Rd,MA,20155,1
HH-00136,4781 Lake Dr,NC,54020,1
HH-00137,5338 Maple Dr,PA,29769,1
HH-00138,3888 River Rd,PA,38043,2
HH-00139,1152 Spring St,AZ,53369,1
HH-00140,8990 Church St,AZ,18161,1
HH-00141,3488 Spring St,WA,86556,4
HH-00142,420 River Rd,TN,10772,2
HH-00143,5863 Forest Way,WA,64921,1
HH-00144,8918 Lake Dr,TN,38760,2
HH-00145,4571 Spring St,TN,13804,1
HH-00146,6471 Valley View,WA,31632,1
HH-00147,7757 Elm St,WI,80008,2
HH-00148,541 River Rd,MD,83975,1
HH-00149,544 Maple Dr,AZ,27786,2
HH-00150,7664 Park Ave,TX,44099,3
HH-00151,6311 Valley View,OH,69598,1
HH-00152,5455 Valley View,WA,46471,2
HH-00153,7006 Hill Rd,FL,71644,1
HH-00154,417 Oak Ave,VA,39389,1
HH-00155,1224 Oak Ave,CA,42411,1
HH-00156,3366 Main St,WI,29973,3
HH-00157,4008 Elm St,TN,97747,1
HH-00158,1974 Washington Blvd,MA,43586,1
HH-00159,6143 Park Ave,WI,89593,2
HH-00160,1976 Park Ave,MI,24168,2
HH-00161,9581 Main St,MI,85470,3
HH-00162,6249 River Rd,OH,19961,4
HH-00163,9800 Lake Dr,NY,49529,1
HH-00164,9937 Cedar Ln,MD,15383,1
HH-00165,5788 Spring St,VA,19038,1
HH-00166,8389 Valley View,CA,65057,2
HH-00167,8131 Cedar Ln,AZ,57472,1
HH-00168,7632 Elm St,AZ,33086,4
HH-00169,8648 Hill Rd,WI,80539,2
HH-00170,8021 Church St,AZ,87656,2
HH-00171,4497 Valley View,GA,21359,1
HH-00172,4669 Church St,GA,70910,1
HH-00173,9436 River Rd,NJ,13761,1
HH-00174,8198 Valley View,IL,73904,1
HH-00175,3575 Sunset Blvd,NC,54608,3
HH-00176,4681 Hill Rd,MO,11330,2
HH-00177,8564 Washington Blvd,FL,41635,1
HH-00178,6758 High St,MO,41499,2
HH-00179,7900 High St,MA,12260,1
HH-00180,1624 Forest Way,GA,63005,1
HH-00181,4086 Forest Way,MD,58368,3
HH-00182,7853 Sunset Blvd,AZ,82140,2
HH-00183,5519 Sunset Blvd,MA,45509,3
HH-00184,5123 Hill Rd,GA,25814,1
HH-00185,3255 Valley View,NY,80236,1
HH-00186,3133 Washington Blvd,OH,73464,1
HH-00187,4630 Forest Way,NY,35443,2
HH-00188,4953 Lake Dr,VA,33519,1
HH-00189,5052 Main St,MO,26591,1
HH-00190,4594 Oak Ave,TX,82529,2
HH-00191,4886 Elm St,TN,23446,2
HH-00192,300 Forest Way,TN,72746,2
HH-00193,7316 Valley View,IL,16734,2
HH-00194,4236 High St,NY,18564,2
HH-00195,6665 High St,FL,85631,1
HH-00196,978 Elm St,PA,83772,2
HH-00197,5078 Maple Dr,GA,25525,2
HH-00198,9243 Spring St,WI,88135,1
HH-00199,3797 River Rd,MA,68028,1
HH-00200,4971 Spring St,MI,84531,1
HH-00201,1086 Cedar Ln,OH,91987,1
HH-00202,3557 Hill Rd,FL,30585,1
HH-00203,4029 Park Ave,MO,19838,1
HH-00204,2664 Main St,AZ,69048,2
HH-00205,9829 High St,MI,14278,2
HH-00206,3892 Forest Way,MI,69510,2
HH-00207,1266 Lake Dr,NC,91927,3
HH-00208,9763 Washington Blvd,AZ,25043,1
HH-00209,9022 Lake Dr,PA,44816,3
HH-00210,2430 Maple Dr,TX,31747,1
HH-00211,5139 Forest Way,MA,26299,1
HH-00212,7779 Forest Way,WA,45683,2
HH-00213,8299 High St,MA,20543,2
HH-00214,9898 Oak Ave,AZ,52247,3
HH-00215,9991 Hill Rd,CA,21970,2
HH-00216,3850 Main St,NC,85529,2
HH-00217,759 Park Ave,TN,78021,1
HH-00218,7345 Hill Rd,IL,86720,2
HH-00219,7241 High St,FL,71605,2
HH-00220,5800 Spring St,NJ,52081,3
HH-00221,1813 Park Ave,NJ,63955,3
HH-00222,8217 Forest Way,WA,82102,5
HH-00223,701 Church St,FL,51224,2
HH-00224,4235 Valley View,NY,62976,0
HH-00225,8531 Main St,MO,70552,2
HH-00226,6870 Oak Ave,OH,77952,1
HH-00227,6027 High St,MA,16764,1
HH-00228,3435 Hill Rd,MO,27172,3
HH-00229,4819 Church St,TN,25915,2
HH-00230,572 Lake Dr,IL,50730,1
HH-00231,9124 Main St,MO,63476,1
HH-00232,1627 Lake Dr,NY,70482,1
HH-00233,2024 Elm St,TN,48254,2
HH-00234,8437 Hill Rd,AZ,73242,4
HH-00235,7836 Lake Dr,MA,82255,1
HH-00236,2469 River Rd,OH,88561,2
HH-00237,8427 Elm St,FL,46208,3
HH-00238,6898 Valley View,IN,45018,1
HH-00239,142 Forest Way,MI,86931,1
HH-00240,9601 High St,PA,68529,1
HH-00241,8924 High St,VA,53573,1
HH-00242,9142 River Rd,MA,52176,1
HH-00243,3190 Lake Dr,MD,60196,1
HH-00244,3926 Spring St,TX,51704,2
HH-00245,7849 River Rd,WA,96991,1
HH-00246,2592 High St,TX,26547,1
HH-00247,8329 Valley View,NY,67711,2
HH-00248,1733 Church St,CA,28894,2
HH-00249,6817 Elm St,FL,71537,1
HH-00250,4442 Valley View,WI,62098,2
HH-00251,1415 Valley View,MO,59808,2
HH-00252,5288 High St,MO,14705,1
HH-00253,1221 Lake Dr,MI,39817,2
HH-00254,1580 Spring St,NY,93066,1
HH-00255,1746 Church St,IL,49251,1
HH-00256,574 Oak Ave,NJ,17355,2
HH-00257,4906 Sunset Blvd,VA,66450,1
HH-00258,2485 Lake Dr,IN,64008,2
HH-00259,9372 Park Ave,IL,32946,1
HH-00260,1393 River Rd,WI,99539,2
HH-00261,4045 High St,MD,28758,2
HH-00262,3904 Church St,NC,70236,1
HH-00263,4283 Main St,MA,47700,1
HH-00264,9055 Park Ave,FL,67898,2
HH-00265,5761 Forest Way,AZ,42780,1
HH-00266,7584 Forest Way,OH,60422,1
HH-00267,8016 Cedar Ln,GA,59986,1
HH-00268,9470 Sunset Blvd,MD,48780,2
HH-00269,4937 Main St,WA,45976,1
HH-00270,232 Oak Ave,WI,75107,1
HH-00271,4789 Lake Dr,WI,56179,2
HH-00272,3688 Washington Blvd,WI,42850,1
HH-00273,2340 Cedar Ln,TX,50492,3
HH-00274,7322 Oak Ave,MD,57823,2
HH-00275,2253 Maple Dr,MI,52823,1
HH-00276,6907 Park Ave,OH,27322,1
HH-00277,8937 Sunset Blvd,IN,75771,1
HH-00278,4565 Park Ave,NC,73156,1
HH-00279,4935 Valley View,NY,71385,1
HH-00280,1333 Elm St,GA,98647,1
HH-00281,6611 Sunset Blvd,FL,61717,1
HH-00282,328 Hill Rd,MO,26199,2
HH-00283,7551 Sunset Blvd,NC,86619,1
HH-00284,6342 Sunset Blvd,NY,98452,2
HH-00285,3930 High St,CA,91205,1
HH-00286,9298 Valley View,WI,39015,3
HH-00287,1135 Church St,MI,95097,2
HH-00288,6789 Cedar Ln,PA,15943,2
HH-00289,709 Forest Way,TN,25220,4
HH-00290,1692 Lake Dr,MO,27781,1
HH-00291,6467 Church St,VA,97881,2
HH-00292,8950 Spring St,MD,30253,2
HH-00293,6897 Cedar Ln,TN,90694,1
HH-00294,6786 Hill Rd,TX,58566,1
HH-00295,3659 Church St,MA,40947,3
HH-00296,6042 Cedar Ln,VA,81364,2
HH-00297,5976 Oak Ave,WA,46160,2
HH-00298,3209 Cedar Ln,MA,22015,1
HH-00299,3575 Main St,TX,53713,1
HH-00300,4090 Elm St,MD,36896,1
HH-00301,1224 Washington Blvd,MD,38305,2
HH-00302,3917 Valley View,PA,88116,2
HH-00303,146 Hill Rd,PA,27038,1
HH-00304,8950 Hill Rd,IL,24408,1
HH-00305,522 Elm St,CA,56955,2
HH-00306,3998 Valley View,CA,32838,1
HH-00307,4447 Oak Ave,PA,65176,3
HH-00308,8719 Cedar Ln,FL,72422,2
HH-00309,7444 Sunset Blvd,IN,87812,2
HH-00310,1886 Church St,IN,39038,1
