PARTY_ID,FIRST_NAME,LAST_NAME,DATE_OF_BIRTH,EMAIL,PHONE,MAILING_ADDRESS,STATE,POSTAL_CODE,CREATED_AT,HOUSEHOLD_ID
CUST-00001,Arjun,Mehta,1978-03-14,arjun.mehta@gmail.com,(415) 555-0101,742 Evergreen Terrace,CA,94105,2013-07-15 09:00:00,HH-00001
CUST-00002,Priya,Mehta,1980-11-22,priya.mehta@gmail.com,(415) 555-0102,742 Evergreen Terrace,CA,94105,2015-03-10 09:00:00,HH-00001
CUST-00003,Margaret,Jackson,1963-07-17,margaret.jackson16@gmail.com,(730) 356-5982,9022 Lake Dr,PA,44816,2022-10-14 09:00:00,HH-00209
CUST-00004,Mark,Garcia,1960-05-07,mark.garcia17@outlook.com,(840) 510-9740,9863 Church St,IN,42953,2006-04-05 09:00:00,HH-00031
CUST-00005,Thomas,Jackson,1993-06-27,thomas.jackson4@gmail.com,(283) 246-5336,153 Hill Rd,IN,33416,2019-08-22 09:00:00,HH-00035
CUST-00006,Nancy,Miller,1973-11-10,nancy.miller32@hotmail.com,(901) 615-5873,8217 Forest Way,WA,82102,2019-05-07 09:00:00,HH-00222
CUST-00007,Arun,Williams,1964-06-28,arun.williams94@outlook.com,(553) 608-3142,1237 Hill Rd,VA,94080,2024-03-22 09:00:00,HH-00104
CUST-00008,Emily,Taylor,1964-02-02,emily.taylor50@outlook.com,(830) 628-5067,1580 Spring St,NY,93066,2021-05-01 09:00:00,HH-00254
CUST-00009,Meera,Rao,1986-09-15,meera.rao40@hotmail.com,(709) 223-2475,5078 Forest Way,OH,66346,2013-10-17 09:00:00,HH-00118
CUST-00010,Deepak,Jackson,1993-11-22,deepak.jackson37@hotmail.com,(749) 208-2761,1612 Spring St,NC,15778,2024-01-22 09:00:00,HH-00088
CUST-00011,Rahul,Jones,1991-09-07,rahul.jones71@outlook.com,(495) 275-7329,6467 Church St,VA,97881,2018-09-21 09:00:00,HH-00291
CUST-00012,Jennifer,Moore,1961-07-12,jennifer.moore72@outlook.com,(574) 973-3363,1152 Spring St,AZ,53369,2024-09-22 09:00:00,HH-00139
CUST-00013,Paul,Lopez,1985-09-15,paul.lopez78@yahoo.com,(727) 343-6373,4442 Valley View,WI,62098,2023-07-16 09:00:00,HH-00250
CUST-00014,Anjali,Lopez,1987-09-18,anjali.lopez91@hotmail.com,(776) 506-8780,7664 Park Ave,TX,44099,2019-06-17 09:00:00,HH-00150
CUST-00015,Sunita,Smith,2001-12-21,sunita.smith77@gmail.com,(685) 471-4728,5800 Spring St,NJ,52081,2010-07-18 09:00:00,HH-00220
CUST-00016,Dorothy,Johnson,1964-11-08,dorothy.johnson74@gmail.com,(917) 312-4125,2707 High St,MA,43972,2010-02-10 09:00:00,HH-00133
CUST-00017,Robert,Moore,1985-12-24,robert.moore91@gmail.com,(341) 731-4397,9055 Park Ave,FL,67898,2012-08-15 09:00:00,HH-00264
CUST-00018,Elizabeth,Anderson,1989-06-18,elizabeth.anderson87@outlook.com,(990) 938-5331,2340 Cedar Ln,TX,50492,2020-08-28 09:00:00,HH-00273
CUST-00019,Karen,Martin,1974-05-23,karen.martin89@yahoo.com,(921) 700-6194,2592 High St,TX,26547,2014-11-06 09:00:00,HH-00246
CUST-00020,Mary,Taylor,1989-07-13,mary.taylor99@outlook.com,(349) 497-1689,4953 Lake Dr,VA,33519,2018-12-07 09:00:00,HH-00188
CUST-00021,George,Kumar,1989-05-18,george.kumar18@outlook.com,(311) 830-4920,1224 Oak Ave,CA,42411,2022-09-10 09:00:00,HH-00155
CUST-00022,Kenneth,Johnson,2000-08-04,kenneth.johnson1@yahoo.com,(763) 361-7666,2746 Main St,WI,52487,2019-05-09 09:00:00,HH-00038
CUST-00023,Nancy,Iyer,1973-11-02,nancy.iyer84@gmail.com,(787) 437-9767,8523 Lake Dr,NC,97684,2023-08-03 09:00:00,HH-00051
CUST-00024,Kimberly,Singh,1957-07-26,kimberly.singh24@hotmail.com,(966) 496-1613,8279 River Rd,MA,28726,2012-07-13 09:00:00,HH-00024
CUST-00025,James,Martinez,1989-09-16,james.martinez65@yahoo.com,(679) 479-4159,6786 Hill Rd,TX,58566,2014-02-17 09:00:00,HH-00294
CUST-00026,Anita,Brown,1976-05-19,anita.brown23@yahoo.com,(825) 854-7643,3833 Forest Way,FL,40512,2025-01-27 09:00:00,HH-00015
CUST-00027,Sunita,Hernandez,1975-04-01,sunita.hernandez50@outlook.com,(441) 657-5374,1224 Washington Blvd,MD,38305,2024-12-04 09:00:00,HH-00301
CUST-00028,Amit,Martinez,1997-02-15,amit.martinez21@outlook.com,(615) 902-9233,574 Oak Ave,NJ,17355,2023-05-24 09:00:00,HH-00256
CUST-00029,Anjali,Rao,1978-10-08,anjali.rao18@yahoo.com,(689) 356-8454,8897 Hill Rd,NJ,24621,2009-11-19 09:00:00,HH-00033
CUST-00030,Kimberly,Lopez,1968-04-22,kimberly.lopez68@gmail.com,(657) 740-6927,5030 River Rd,MO,10053,2008-06-17 09:00:00,HH-00117
CUST-00031,Richard,Iyer,1964-03-11,richard.iyer15@hotmail.com,(896) 410-9008,6249 River Rd,OH,19961,2019-10-21 09:00:00,HH-00162
CUST-00032,Thomas,Rao,1958-09-15,thomas.rao93@outlook.com,(222) 605-5169,3911 Main St,MO,36062,2020-04-10 09:00:00,HH-00005
CUST-00033,Sunita,Smith,1958-02-16,sunita.smith37@gmail.com,(618) 384-3218,3911 Main St,MO,36062,2024-09-28 09:00:00,HH-00005
CUST-00034,Donna,Patel,1979-07-03,donna.patel84@yahoo.com,(556) 321-3924,4150 Hill Rd,IN,73517,2023-04-01 09:00:00,HH-00134
CUST-00035,Barbara,Thomas,1974-08-22,barbara.thomas69@hotmail.com,(588) 435-5055,1266 Lake Dr,NC,91927,2024-11-30 09:00:00,HH-00207
CUST-00036,Arun,Taylor,1997-07-20,arun.taylor31@gmail.com,(411) 268-2653,5338 Maple Dr,PA,29769,2025-03-19 09:00:00,HH-00137
CUST-00037,Sarah,Johnson,1983-04-18,sarah.johnson97@yahoo.com,(994) 257-3295,5519 Sunset Blvd,MA,45509,2024-12-24 09:00:00,HH-00183
CUST-00038,Jennifer,Martinez,1975-04-10,jennifer.martinez85@yahoo.com,(733) 426-7775,3144 Maple Dr,WI,18907,2010-08-14 09:00:00,HH-00072
CUST-00039,Timothy,Rodriguez,1982-09-16,timothy.rodriguez45@gmail.com,(858) 887-7244,7679 Lake Dr,FL,68082,2018-02-22 09:00:00,HH-00060
CUST-00040,Priya,Jackson,1985-04-28,priya.jackson39@yahoo.com,(924) 347-8586,3255 Valley View,NY,80236,2013-01-11 09:00:00,HH-00185
CUST-00041,Divya,Johnson,1968-06-21,divya.johnson58@gmail.com,(579) 294-9775,3744 Washington Blvd,MA,55830,2022-08-09 09:00:00,HH-00101
CUST-00042,Dorothy,Reddy,1967-10-24,dorothy.reddy62@yahoo.com,(413) 540-5967,5030 River Rd,MO,10053,2010-04-25 09:00:00,HH-00117
CUST-00043,Divya,Smith,1970-12-20,divya.smith51@yahoo.com,(445) 765-6269,1098 Valley View,TX,16572,2008-08-02 09:00:00,HH-00069
CUST-00044,Donna,Martinez,1986-08-04,donna.martinez98@hotmail.com,(527) 408-7073,701 Church St,FL,51224,2020-09-29 09:00:00,HH-00223
CUST-00045,Raj,Hernandez,1992-10-24,raj.hernandez38@hotmail.com,(356) 400-6404,3190 Lake Dr,MD,60196,2018-11-02 09:00:00,HH-00243
CUST-00046,Joshua,Thomas,2003-08-24,joshua.thomas59@hotmail.com,(372) 950-6770,6769 Washington Blvd,NY,22704,2024-01-18 09:00:00,HH-00054
CUST-00047,Mark,Jones,1958-09-02,mark.jones86@gmail.com,(249) 982-1104,9022 Lake Dr,PA,44816,2017-12-16 09:00:00,HH-00209
CUST-00048,Suresh,Jones,1978-01-20,suresh.jones85@hotmail.com,(699) 216-1108,5207 River Rd,VA,67422,2019-01-03 09:00:00,HH-00045
CUST-00049,Barbara,Thompson,1987-12-22,barbara.thompson23@hotmail.com,(309) 298-9591,7712 Valley View,MA,90301,2024-07-03 09:00:00,HH-00131
CUST-00050,Anthony,Davis,1978-07-15,anthony.davis90@yahoo.com,(431) 507-2320,709 Forest Way,TN,25220,2023-06-27 09:00:00,HH-00289
CUST-00051,Nancy,Nair,1995-01-23,nancy.nair11@yahoo.com,(711) 644-6427,4090 Elm St,MD,36896,2020-07-07 09:00:00,HH-00300
CUST-00052,Susan,Nair,1999-10-16,susan.nair6@outlook.com,(276) 900-5593,9022 Lake Dr,PA,44816,2014-10-15 09:00:00,HH-00209
CUST-00053,Neha,Thompson,1992-03-25,neha.thompson10@hotmail.com,(506) 366-4939,4565 Park Ave,NC,73156,2013-10-09 09:00:00,HH-00278
CUST-00054,Susan,Reddy,2005-12-24,susan.reddy65@gmail.com,(963) 554-1879,7345 Hill Rd,IL,86720,2019-11-03 09:00:00,HH-00218
CUST-00055,Charles,Hernandez,2004-06-01,charles.hernandez58@outlook.com,(702) 433-6829,2824 Spring St,TN,73092,2019-07-08 09:00:00,HH-00063
CUST-00056,Elizabeth,Thomas,1970-12-03,elizabeth.thomas35@gmail.com,(357) 589-3527,500 Oak Ave,GA,72277,2019-03-29 09:00:00,HH-00124
CUST-00057,Kimberly,Thomas,1972-02-05,kimberly.thomas24@gmail.com,(641) 659-9395,158 Valley View,PA,93507,2024-04-29 09:00:00,HH-00089
CUST-00058,Suresh,Brown,1979-01-10,suresh.brown50@hotmail.com,(997) 286-4977,8370 Spring St,MO,68446,2023-10-31 09:00:00,HH-00132
CUST-00059,Susan,Jackson,1959-03-14,susan.jackson54@outlook.com,(506) 695-2260,8105 Main St,NY,57576,2021-11-05 09:00:00,HH-00039
CUST-00060,Sanjay,Rodriguez,1963-05-01,sanjay.rodriguez43@hotmail.com,(835) 589-6399,300 Forest Way,TN,72746,2020-01-24 09:00:00,HH-00192
CUST-00061,Nikhil,Anderson,1993-12-07,nikhil.anderson41@hotmail.com,(381) 607-6228,2664 Main St,AZ,69048,2022-11-22 09:00:00,HH-00204
CUST-00062,George,Singh,2005-07-12,george.singh73@gmail.com,(404) 806-9939,8217 Forest Way,WA,82102,2023-07-23 09:00:00,HH-00222
CUST-00063,Steven,Shah,1973-12-03,steven.shah87@hotmail.com,(711) 342-5961,3557 Hill Rd,FL,30585,2024-06-26 09:00:00,HH-00202
CUST-00064,Kenneth,Rodriguez,1985-10-13,kenneth.rodriguez70@hotmail.com,(237) 568-9796,3627 Valley View,NY,22156,2016-08-28 09:00:00,HH-00009
CUST-00065,Sarah,Patel,1994-01-19,sarah.patel97@hotmail.com,(539) 640-2735,9035 Maple Dr,MD,65302,2024-04-27 09:00:00,HH-00003
CUST-00066,James,Brown,1983-06-13,james.brown99@hotmail.com,(895) 802-9199,8719 Cedar Ln,FL,72422,2019-12-13 09:00:00,HH-00308
CUST-00067,Anthony,Taylor,2001-03-12,anthony.taylor44@outlook.com,(666) 411-9537,2903 Lake Dr,IL,70589,2024-07-16 09:00:00,HH-00019
CUST-00068,Mary,Taylor,2000-02-01,mary.taylor83@outlook.com,(311) 893-3692,620 Main St,FL,38657,2023-08-31 09:00:00,HH-00004
CUST-00069,Anjali,Singh,1969-07-21,anjali.singh24@yahoo.com,(855) 873-8080,701 Church St,FL,51224,2010-10-30 09:00:00,HH-00223
CUST-00070,Deepak,Smith,1968-04-09,deepak.smith74@gmail.com,(304) 749-4063,1813 Park Ave,NJ,63955,2024-09-30 09:00:00,HH-00221
CUST-00071,Sanjay,Anderson,1975-10-13,sanjay.anderson76@hotmail.com,(316) 556-6766,8918 Lake Dr,TN,38760,2011-09-04 09:00:00,HH-00144
CUST-00072,Lakshmi,Moore,1960-11-05,lakshmi.moore16@outlook.com,(444) 512-2916,9470 Sunset Blvd,MD,48780,2019-01-05 09:00:00,HH-00268
CUST-00073,Steven,Taylor,1966-08-21,steven.taylor72@yahoo.com,(370) 701-5732,3926 Spring St,TX,51704,2023-07-09 09:00:00,HH-00244
CUST-00074,Matthew,Garcia,1963-04-27,matthew.garcia72@hotmail.com,(717) 868-9109,2253 Maple Dr,MI,52823,2025-02-01 09:00:00,HH-00275
CUST-00075,Suresh,Shah,2005-04-10,suresh.shah36@gmail.com,(430) 750-5729,3659 Church St,MA,40947,2020-04-27 09:00:00,HH-00295
CUST-00076,Mark,Sharma,1962-05-25,mark.sharma70@outlook.com,(974) 242-8231,5962 Washington Blvd,GA,97416,2024-12-21 09:00:00,HH-00095
CUST-00077,Barbara,Miller,1957-08-09,barbara.miller12@outlook.com,(649) 320-4882,3930 High St,CA,91205,2024-05-02 09:00:00,HH-00285
CUST-00078,Andrew,Gupta,1994-03-26,andrew.gupta27@yahoo.com,(260) 783-6747,7632 Elm St,AZ,33086,2018-03-28 09:00:00,HH-00168
CUST-00079,Barbara,Rodriguez,1987-11-27,barbara.rodriguez18@gmail.com,(968) 621-1971,9531 Washington Blvd,WA,74799,2017-08-25 09:00:00,HH-00126
CUST-00080,Brian,Nair,1970-11-13,brian.nair19@hotmail.com,(791) 847-5402,7853 Sunset Blvd,AZ,82140,2023-02-19 09:00:00,HH-00182
CUST-00081,Lisa,Hernandez,2002-05-23,lisa.hernandez59@outlook.com,(699) 535-1040,2469 River Rd,OH,88561,2018-07-27 09:00:00,HH-00236
CUST-00082,Meera,Sharma,1959-09-13,meera.sharma55@yahoo.com,(416) 706-5399,8564 Washington Blvd,FL,41635,2017-09-06 09:00:00,HH-00177
CUST-00083,Raj,Reddy,1998-01-02,raj.reddy81@gmail.com,(670) 216-3035,5976 Oak Ave,WA,46160,2007-04-28 09:00:00,HH-00297
CUST-00084,Anjali,Nair,1963-11-10,anjali.nair36@yahoo.com,(295) 870-6905,6855 Main St,IL,53540,2012-05-31 09:00:00,HH-00098
CUST-00085,Kevin,Williams,1999-04-14,kevin.williams91@gmail.com,(297) 201-4496,1733 Church St,CA,28894,2022-09-25 09:00:00,HH-00248
CUST-00086,Mary,Williams,1962-07-23,mary.williams62@yahoo.com,(272) 434-7276,8329 Valley View,NY,67711,2019-02-22 09:00:00,HH-00247
CUST-00087,Thomas,Singh,2003-03-21,thomas.singh9@yahoo.com,(743) 776-1138,7664 Park Ave,TX,44099,2024-05-01 09:00:00,HH-00150
CUST-00088,Karen,Patel,1994-11-15,karen.patel12@yahoo.com,(302) 343-3017,7632 Elm St,AZ,33086,2008-07-27 09:00:00,HH-00168
CUST-00089,Jessica,Singh,1960-04-18,jessica.singh89@outlook.com,(227) 874-5942,4391 Park Ave,MA,82309,2022-08-12 09:00:00,HH-00090
CUST-00090,Andrew,Jackson,2005-04-16,andrew.jackson15@hotmail.com,(446) 711-2163,3850 Main St,NC,85529,2009-10-17 09:00:00,HH-00216
CUST-00091,Linda,Rao,1991-07-12,linda.rao98@yahoo.com,(682) 988-2195,7551 Sunset Blvd,NC,86619,2015-12-17 09:00:00,HH-00283
CUST-00092,Robert,White,1987-05-21,robert.white55@hotmail.com,(918) 611-2350,1204 Oak Ave,NJ,19287,2016-10-26 09:00:00,HH-00050
CUST-00093,Lisa,Thompson,1964-09-11,lisa.thompson76@hotmail.com,(849) 981-2083,522 Elm St,CA,56955,2016-08-05 09:00:00,HH-00305
CUST-00094,Timothy,Kumar,1962-08-20,timothy.kumar40@gmail.com,(882) 959-3877,9671 High St,IN,79615,2014-08-12 09:00:00,HH-00070
CUST-00095,Daniel,Smith,2005-12-09,daniel.smith48@yahoo.com,(329) 967-5403,552 Cedar Ln,NC,33405,2021-09-21 09:00:00,HH-00106
CUST-00096,Dorothy,Rao,1971-12-19,dorothy.rao64@gmail.com,(666) 723-6900,9763 Washington Blvd,AZ,25043,2020-11-12 09:00:00,HH-00208
CUST-00097,David,Martin,1998-12-04,david.martin95@yahoo.com,(721) 202-1721,1246 Valley View,WI,51145,2008-04-08 09:00:00,HH-00112
CUST-00098,Lakshmi,Nair,1957-09-26,lakshmi.nair29@hotmail.com,(529) 454-7819,1415 Valley View,MO,59808,2024-06-12 09:00:00,HH-00251
CUST-00099,Divya,Singh,1958-03-08,divya.singh52@gmail.com,(270) 676-5625,8427 Elm St,FL,46208,2019-09-07 09:00:00,HH-00237
CUST-00100,Donna,Nair,2005-05-24,donna.nair60@yahoo.com,(577) 805-9083,785 Forest Way,VA,15229,2024-05-13 09:00:00,HH-00094
CUST-00101,Donna,Sharma,1981-01-08,donna.sharma82@outlook.com,(910) 209-6488,7322 Oak Ave,MD,57823,2025-03-07 09:00:00,HH-00274
CUST-00102,James,Sharma,1970-07-16,james.sharma19@gmail.com,(928) 486-2524,3435 Hill Rd,MO,27172,2018-11-27 09:00:00,HH-00228
CUST-00103,Michael,Iyer,2002-02-19,michael.iyer65@gmail.com,(336) 852-7461,1246 Valley View,WI,51145,2020-06-23 09:00:00,HH-00112
CUST-00104,Richard,White,1975-07-23,richard.white41@outlook.com,(663) 478-4827,2141 Forest Way,IN,50538,2023-09-02 09:00:00,HH-00113
CUST-00105,Richard,Miller,1975-07-04,richard.miller99@outlook.com,(412) 662-6051,8446 River Rd,MO,53404,2021-12-30 09:00:00,HH-00105
CUST-00106,Arun,Rodriguez,1993-01-07,arun.rodriguez19@outlook.com,(293) 928-5066,4008 Elm St,TN,97747,2018-07-04 09:00:00,HH-00157
CUST-00107,Vikram,Thomas,1980-08-18,vikram.thomas13@yahoo.com,(673) 304-3290,328 Hill Rd,MO,26199,2024-12-05 09:00:00,HH-00282
CUST-00108,Daniel,Smith,1998-11-21,daniel.smith75@gmail.com,(800) 465-2228,8279 River Rd,MA,28726,2021-06-06 09:00:00,HH-00024
CUST-00109,Robert,Williams,1976-02-02,robert.williams7@hotmail.com,(372) 787-8096,7679 Lake Dr,FL,68082,2016-06-10 09:00:00,HH-00060
CUST-00110,Sunita,Singh,1966-05-09,sunita.singh20@hotmail.com,(235) 828-5026,1204 Oak Ave,NJ,19287,2024-06-24 09:00:00,HH-00050
CUST-00111,Nancy,Martinez,1981-04-21,nancy.martinez81@yahoo.com,(756) 219-7266,6696 Valley View,NY,42591,2022-10-10 09:00:00,HH-00057
CUST-00112,Priya,Kumar,1979-05-06,priya.kumar41@gmail.com,(811) 424-1480,4236 High St,NY,18564,2020-02-13 09:00:00,HH-00194
CUST-00113,Neha,Gupta,1969-03-04,neha.gupta85@yahoo.com,(446) 472-9743,7241 High St,FL,71605,2011-03-13 09:00:00,HH-00219
CUST-00114,Sunita,Gupta,1979-06-27,sunita.gupta23@yahoo.com,(442) 806-6210,5800 Spring St,NJ,52081,2014-11-29 09:00:00,HH-00220
CUST-00115,Anita,Singh,1991-03-19,anita.singh64@yahoo.com,(755) 516-3876,8417 Cedar Ln,MI,93748,2009-02-21 09:00:00,HH-00036
CUST-00116,Patricia,Johnson,1994-04-26,patricia.johnson44@yahoo.com,(934) 381-6301,4935 Valley View,NY,71385,2025-04-07 09:00:00,HH-00279
CUST-00117,David,Smith,1978-02-12,david.smith76@hotmail.com,(303) 544-5944,1754 River Rd,NC,69429,2021-10-31 09:00:00,HH-00016
CUST-00118,Raj,Jones,1975-03-23,raj.jones29@outlook.com,(881) 803-3872,5863 Forest Way,WA,64921,2020-05-10 09:00:00,HH-00143
CUST-00119,Arjun,Martinez,1991-07-28,arjun.martinez24@gmail.com,(816) 525-4619,7444 Sunset Blvd,IN,87812,2021-08-26 09:00:00,HH-00309
CUST-00120,Lisa,White,1975-03-21,lisa.white91@gmail.com,(886) 854-6500,6342 Sunset Blvd,NY,98452,2023-07-19 09:00:00,HH-00284
CUST-00121,Nikhil,Smith,1955-01-13,nikhil.smith94@hotmail.com,(629) 370-7783,8021 Church St,AZ,87656,2025-02-15 09:00:00,HH-00170
CUST-00122,Patricia,Rao,1996-11-08,patricia.rao58@yahoo.com,(275) 234-5831,9754 Hill Rd,CA,30926,2011-10-17 09:00:00,HH-00007
CUST-00123,Robert,Anderson,1959-09-03,robert.anderson77@outlook.com,(828) 694-1507,7849 River Rd,WA,96991,2024-04-30 09:00:00,HH-00245
CUST-00124,Rahul,Patel,1967-07-23,rahul.patel85@outlook.com,(488) 504-4891,127 Washington Blvd,VA,66531,2022-10-05 09:00:00,HH-00111
CUST-00125,Charles,Johnson,1960-05-27,charles.johnson26@hotmail.com,(299) 226-4390,8579 Church St,NY,42493,2025-01-09 09:00:00,HH-00046
CUST-00126,Mark,Patel,1986-11-09,mark.patel83@gmail.com,(757) 596-4029,6789 Cedar Ln,PA,15943,2024-05-17 09:00:00,HH-00288
CUST-00127,Sanjay,Rao,1972-10-02,sanjay.rao97@yahoo.com,(913) 883-2584,4439 Elm St,GA,83579,2024-03-01 09:00:00,HH-00025
CUST-00128,Thomas,Shah,1979-09-14,thomas.shah74@hotmail.com,(441) 687-5896,3488 Spring St,WA,86556,2017-09-09 09:00:00,HH-00141
CUST-00129,Thomas,Thomas,1998-10-05,thomas.thomas97@gmail.com,(659) 377-3738,1135 Church St,MI,95097,2006-09-30 09:00:00,HH-00287
CUST-00130,Andrew,Gupta,1995-03-27,andrew.gupta41@outlook.com,(944) 268-2425,417 Oak Ave,VA,39389,2024-06-14 09:00:00,HH-00154
CUST-00131,Arjun,Thompson,2005-12-20,arjun.thompson15@hotmail.com,(624) 353-3428,9581 Main St,MI,85470,2012-01-19 09:00:00,HH-00161
CUST-00132,Susan,White,2005-05-28,susan.white53@outlook.com,(470) 592-8955,3575 Sunset Blvd,NC,54608,2016-04-11 09:00:00,HH-00175
CUST-00133,Susan,Lopez,1980-01-13,susan.lopez89@outlook.com,(443) 250-8785,1746 Church St,IL,49251,2020-07-11 09:00:00,HH-00255
CUST-00134,Divya,Rodriguez,1986-12-22,divya.rodriguez30@gmail.com,(337) 507-8259,9164 Main St,NY,99353,2024-07-01 09:00:00,HH-00032
CUST-00135,Donna,Reddy,1981-12-16,donna.reddy8@outlook.com,(727) 362-2075,1266 Lake Dr,NC,91927,2019-07-08 09:00:00,HH-00207
CUST-00136,Timothy,Kumar,1967-04-27,timothy.kumar32@gmail.com,(233) 667-1828,1227 Lake Dr,VA,47353,2024-12-07 09:00:00,HH-00081
CUST-00137,Divya,Taylor,1962-11-01,divya.taylor48@yahoo.com,(700) 808-8308,9991 Hill Rd,TX,70217,2018-06-05 09:00:00,HH-00011
CUST-00138,Steven,Nair,1999-02-10,steven.nair50@gmail.com,(250) 366-4511,1976 Park Ave,MI,24168,2023-06-09 09:00:00,HH-00160
CUST-00139,Lakshmi,Davis,2004-11-01,lakshmi.davis17@hotmail.com,(862) 377-1138,6311 Valley View,OH,69598,2024-10-26 09:00:00,HH-00151
CUST-00140,Joshua,Rodriguez,1979-06-15,joshua.rodriguez28@outlook.com,(677) 509-9530,6467 Church St,VA,97881,2022-08-27 09:00:00,HH-00291
CUST-00141,Sunita,Lopez,1978-09-21,sunita.lopez39@outlook.com,(900) 310-8892,9055 Park Ave,FL,67898,2009-08-07 09:00:00,HH-00264
CUST-00142,Richard,Anderson,1996-05-07,richard.anderson67@yahoo.com,(983) 446-1930,2469 River Rd,OH,88561,2018-03-27 09:00:00,HH-00236
CUST-00143,Anita,Nair,1996-08-10,anita.nair54@outlook.com,(614) 597-1578,8217 Forest Way,WA,82102,2019-03-29 09:00:00,HH-00222
CUST-00144,Jessica,Kumar,1995-08-22,jessica.kumar65@outlook.com,(507) 374-3967,4971 Spring St,MI,84531,2020-10-28 09:00:00,HH-00200
CUST-00145,George,Brown,1998-06-21,george.brown29@gmail.com,(563) 428-6031,8897 Hill Rd,NJ,24621,2010-11-03 09:00:00,HH-00033
CUST-00146,Suresh,Gupta,1958-11-19,suresh.gupta61@gmail.com,(399) 712-2963,6789 Cedar Ln,PA,15943,2024-08-18 09:00:00,HH-00288
CUST-00147,Meera,Shah,1967-06-14,meera.shah19@hotmail.com,(523) 932-3954,8950 Spring St,MD,30253,2025-01-12 09:00:00,HH-00292
CUST-00148,Donna,Williams,1972-04-25,donna.williams74@yahoo.com,(982) 362-9021,9602 Valley View,MA,67905,2024-12-12 09:00:00,HH-00119
CUST-00149,Priya,Sharma,1985-07-01,priya.sharma69@gmail.com,(404) 948-7112,5207 River Rd,VA,67422,2020-05-16 09:00:00,HH-00045
CUST-00150,James,Rao,1970-04-23,james.rao40@outlook.com,(332) 305-7284,9991 Hill Rd,TX,70217,2021-08-03 09:00:00,HH-00011
CUST-00151,Jennifer,White,1988-10-17,jennifer.white56@outlook.com,(903) 337-6615,6758 High St,MO,41499,2022-04-24 09:00:00,HH-00178
CUST-00152,Neha,Martin,1969-04-24,neha.martin28@yahoo.com,(951) 222-9267,4594 Oak Ave,TX,82529,2017-10-20 09:00:00,HH-00190
CUST-00153,Mark,Brown,1989-10-02,mark.brown85@gmail.com,(310) 869-1323,8427 Elm St,FL,46208,2023-03-29 09:00:00,HH-00237
CUST-00154,David,Kumar,1968-12-22,david.kumar39@gmail.com,(630) 877-2654,9660 River Rd,VA,38746,2021-12-03 09:00:00,HH-00027
CUST-00155,Betty,Jackson,2001-10-04,betty.jackson15@outlook.com,(308) 709-4254,9601 High St,PA,68529,2025-02-14 09:00:00,HH-00240
CUST-00156,Sarah,Miller,1965-01-18,sarah.miller27@hotmail.com,(904) 692-6416,544 Maple Dr,AZ,27786,2017-09-05 09:00:00,HH-00149
CUST-00157,Kenneth,Smith,1960-09-03,kenneth.smith33@gmail.com,(859) 436-8483,6907 Park Ave,OH,27322,2021-12-27 09:00:00,HH-00276
CUST-00158,George,Rodriguez,1998-06-14,george.rodriguez13@gmail.com,(976) 246-1158,9142 River Rd,MA,52176,2024-05-04 09:00:00,HH-00242
CUST-00159,Lakshmi,Jones,2001-02-12,lakshmi.jones24@outlook.com,(316) 610-7557,3214 Hill Rd,TX,67154,2020-10-02 09:00:00,HH-00110
CUST-00160,Arun,Rodriguez,1965-02-05,arun.rodriguez21@gmail.com,(306) 626-8908,709 Forest Way,TN,25220,2012-06-26 09:00:00,HH-00289
CUST-00161,Anita,White,1998-12-05,anita.white63@hotmail.com,(315) 621-8220,2542 Oak Ave,VA,86350,2024-10-17 09:00:00,HH-00092
CUST-00162,Michael,Williams,1991-12-19,michael.williams86@yahoo.com,(546) 731-9570,4819 Church St,TN,25915,2009-05-31 09:00:00,HH-00229
CUST-00163,Sandra,Kumar,1996-07-05,sandra.kumar2@gmail.com,(858) 360-9283,6309 Main St,WA,44760,2018-11-28 09:00:00,HH-00065
CUST-00164,Lakshmi,Martin,1972-01-17,lakshmi.martin71@yahoo.com,(858) 587-7607,7241 High St,FL,71605,2022-10-20 09:00:00,HH-00219
CUST-00165,Sunita,Davis,1975-02-16,sunita.davis14@gmail.com,(613) 622-1587,1246 Valley View,WI,51145,2019-09-05 09:00:00,HH-00112
CUST-00166,Elizabeth,Thompson,1987-09-07,elizabeth.thompson44@hotmail.com,(572) 255-4652,9800 Lake Dr,NY,49529,2024-05-10 09:00:00,HH-00163
CUST-00167,Lakshmi,Moore,1983-02-04,lakshmi.moore1@yahoo.com,(549) 563-5783,8885 Cedar Ln,WA,20328,2023-01-02 09:00:00,HH-00012
CUST-00168,Elizabeth,Jackson,2002-12-14,elizabeth.jackson33@gmail.com,(825) 400-4072,1227 Lake Dr,VA,47353,2011-08-22 09:00:00,HH-00081
CUST-00169,Daniel,Iyer,2003-07-02,daniel.iyer99@gmail.com,(661) 668-9260,3239 Washington Blvd,MO,68800,2024-02-09 09:00:00,HH-00058
CUST-00170,Matthew,Martin,1987-03-23,matthew.martin94@yahoo.com,(331) 306-7347,9028 Spring St,GA,68878,2019-10-11 09:00:00,HH-00006
CUST-00171,Betty,Lopez,1999-04-09,betty.lopez44@hotmail.com,(501) 663-3185,420 River Rd,TN,10772,2018-02-19 09:00:00,HH-00142
CUST-00172,Matthew,Hernandez,1975-12-24,matthew.hernandez26@yahoo.com,(414) 839-5760,8217 Forest Way,WA,82102,2019-12-25 09:00:00,HH-00222
CUST-00173,Margaret,Taylor,1989-12-21,margaret.taylor91@outlook.com,(318) 979-6771,7316 Valley View,IL,16734,2024-04-10 09:00:00,HH-00193
CUST-00174,Elizabeth,Martin,1989-05-28,elizabeth.martin2@hotmail.com,(735) 309-1414,8016 Cedar Ln,GA,59986,2009-06-16 09:00:00,HH-00267
CUST-00175,Arjun,Jones,1998-05-05,arjun.jones89@gmail.com,(502) 408-9866,4086 Forest Way,MD,58368,2008-02-15 09:00:00,HH-00181
CUST-00176,Michael,Taylor,2002-11-18,michael.taylor31@hotmail.com,(723) 912-5712,3532 Hill Rd,FL,89840,2008-09-04 09:00:00,HH-00018
CUST-00177,Sandra,Shah,1990-01-01,sandra.shah26@outlook.com,(835) 999-8259,8950 Hill Rd,IL,24408,2020-06-16 09:00:00,HH-00304
CUST-00178,Kavita,Davis,1993-04-25,kavita.davis38@yahoo.com,(659) 381-2220,4019 Hill Rd,MA,20155,2019-04-22 09:00:00,HH-00135
CUST-00179,Steven,Garcia,1965-10-28,steven.garcia1@outlook.com,(538) 677-3536,785 Forest Way,VA,15229,2024-04-19 09:00:00,HH-00094
CUST-00180,Michael,Jones,1974-08-26,michael.jones10@outlook.com,(924) 525-9608,8523 Lake Dr,NC,97684,2010-01-16 09:00:00,HH-00051
CUST-00181,Joshua,Garcia,1977-04-07,joshua.garcia43@outlook.com,(569) 500-4579,6249 River Rd,OH,19961,2021-09-29 09:00:00,HH-00162
CUST-00182,Emily,Lopez,1997-06-15,emily.lopez83@yahoo.com,(828) 836-4994,5078 Maple Dr,GA,25525,2024-11-30 09:00:00,HH-00197
CUST-00183,Michael,Shah,2001-05-01,michael.shah66@outlook.com,(720) 656-8975,9612 Hill Rd,TX,24208,2023-10-11 09:00:00,HH-00107
CUST-00184,Michael,Martinez,2004-09-18,michael.martinez81@gmail.com,(267) 415-4492,6077 Park Ave,VA,56566,2024-02-26 09:00:00,HH-00017
CUST-00185,Meera,Shah,2004-07-21,meera.shah96@gmail.com,(902) 357-1389,3888 River Rd,PA,38043,2009-02-11 09:00:00,HH-00138
CUST-00186,Arun,Kumar,1991-04-09,arun.kumar50@hotmail.com,(661) 845-7626,4439 Elm St,GA,83579,2022-04-08 09:00:00,HH-00025
CUST-00187,Rahul,Anderson,2003-12-19,rahul.anderson90@gmail.com,(274) 566-9238,8885 Cedar Ln,WA,20328,2019-11-13 09:00:00,HH-00012
CUST-00188,Charles,Martinez,1980-11-01,charles.martinez21@hotmail.com,(746) 425-3234,3666 Oak Ave,MD,81066,2022-02-09 09:00:00,HH-00068
CUST-00189,Kimberly,Thomas,2005-12-21,kimberly.thomas2@outlook.com,(766) 768-3316,9602 Valley View,MA,67905,2022-11-03 09:00:00,HH-00119
CUST-00190,Daniel,Johnson,2002-12-24,daniel.johnson28@outlook.com,(622) 861-9397,8417 Washington Blvd,PA,59009,2023-05-07 09:00:00,HH-00037
CUST-00191,Anthony,Garcia,1991-01-28,anthony.garcia83@hotmail.com,(762) 274-5762,5123 Hill Rd,GA,25814,2021-04-11 09:00:00,HH-00184
CUST-00192,Betty,Williams,1997-11-08,betty.williams37@gmail.com,(834) 271-4170,9829 High St,MI,14278,2024-02-22 09:00:00,HH-00205
CUST-00193,Raj,Martin,1978-06-14,raj.martin1@yahoo.com,(520) 452-4629,541 River Rd,MD,83975,2021-01-05 09:00:00,HH-00148
CUST-00194,Ashley,Singh,1985-08-15,ashley.singh40@outlook.com,(698) 764-2783,3144 Maple Dr,WI,18907,2023-12-27 09:00:00,HH-00072
CUST-00195,Steven,Patel,1971-12-21,steven.patel94@gmail.com,(277) 219-9309,3435 Hill Rd,MO,27172,2018-04-01 09:00:00,HH-00228
CUST-00196,Lisa,Smith,1971-09-18,lisa.smith84@hotmail.com,(993) 352-6993,8217 Forest Way,WA,82102,2024-09-08 09:00:00,HH-00222
CUST-00197,Deepak,Davis,1960-07-12,deepak.davis85@gmail.com,(444) 828-3717,3888 River Rd,PA,38043,2018-04-04 09:00:00,HH-00138
CUST-00198,Emily,Jackson,1964-12-24,emily.jackson46@hotmail.com,(241) 424-8989,7006 Hill Rd,FL,71644,2010-10-04 09:00:00,HH-00153
CUST-00199,Joshua,Williams,1979-08-15,joshua.williams6@gmail.com,(864) 531-2691,190 Cedar Ln,AZ,38683,2011-05-02 09:00:00,HH-00128
CUST-00200,Ashley,Jackson,1979-11-13,ashley.jackson76@outlook.com,(869) 279-9465,7779 Forest Way,WA,45683,2018-11-01 09:00:00,HH-00212
CUST-00201,Kevin,Thomas,2005-08-20,kevin.thomas65@gmail.com,(342) 650-3713,6077 Park Ave,VA,56566,2024-02-04 09:00:00,HH-00017
CUST-00202,Joshua,Williams,1962-11-08,joshua.williams43@hotmail.com,(937) 316-8889,5078 Forest Way,OH,66346,2021-10-15 09:00:00,HH-00118
CUST-00203,Margaret,Martin,1963-10-19,margaret.martin18@yahoo.com,(844) 724-1642,1976 Park Ave,MI,24168,2023-05-11 09:00:00,HH-00160
CUST-00204,Neha,White,1991-11-01,neha.white11@outlook.com,(421) 659-8723,9937 Cedar Ln,MD,15383,2017-12-06 09:00:00,HH-00164
CUST-00205,Meera,Martin,1966-10-22,meera.martin22@outlook.com,(941) 902-6614,9874 Spring St,VA,51114,2008-01-06 09:00:00,HH-00108
CUST-00206,Anjali,Moore,1988-09-22,anjali.moore20@hotmail.com,(820) 298-3906,8956 Main St,FL,40982,2024-11-10 09:00:00,HH-00062
CUST-00207,Mary,Rao,1985-11-05,mary.rao87@gmail.com,(864) 641-9553,9144 Forest Way,WI,57400,2024-11-05 09:00:00,HH-00013
CUST-00208,Suresh,Taylor,2004-07-12,suresh.taylor55@gmail.com,(337) 460-8817,7679 Lake Dr,FL,68082,2020-05-25 09:00:00,HH-00060
CUST-00209,Donna,Davis,1955-12-24,donna.davis74@gmail.com,(735) 320-9515,8918 Lake Dr,TN,38760,2024-05-15 09:00:00,HH-00144
CUST-00210,James,Thomas,1996-10-09,james.thomas69@outlook.com,(633) 778-6990,5288 High St,MO,14705,2023-03-01 09:00:00,HH-00252
CUST-00211,Karen,Rodriguez,1966-06-18,karen.rodriguez33@hotmail.com,(514) 791-6641,7836 Lake Dr,MA,82255,2021-07-10 09:00:00,HH-00235
CUST-00212,Donna,Kumar,2005-12-06,donna.kumar28@gmail.com,(720) 610-6544,7107 Main St,NY,19862,2024-04-06 09:00:00,HH-00091
CUST-00213,Anita,Thompson,1960-03-16,anita.thompson12@hotmail.com,(265) 469-4633,9581 Main St,MI,85470,2022-04-13 09:00:00,HH-00161
CUST-00214,Sanjay,Williams,1973-12-20,sanjay.williams23@gmail.com,(855) 706-8192,7249 Cedar Ln,WA,85574,2017-11-21 09:00:00,HH-00109
CUST-00215,James,Miller,1987-09-23,james.miller79@yahoo.com,(373) 890-1590,4781 Lake Dr,NC,54020,2015-03-18 09:00:00,HH-00136
CUST-00216,Sanjay,Davis,1997-07-13,sanjay.davis67@yahoo.com,(215) 954-2124,5207 River Rd,VA,67422,2022-08-03 09:00:00,HH-00045
CUST-00217,Divya,Williams,1972-04-20,divya.williams59@yahoo.com,(613) 788-1076,9898 Oak Ave,AZ,52247,2023-02-01 09:00:00,HH-00214
CUST-00218,Kevin,Garcia,1987-05-18,kevin.garcia89@outlook.com,(653) 586-8923,8950 Spring St,MD,30253,2014-01-06 09:00:00,HH-00292
CUST-00219,Donna,Davis,1956-08-04,donna.davis9@outlook.com,(591) 848-4610,6791 Valley View,WA,48752,2020-03-31 09:00:00,HH-00114
CUST-00220,Margaret,Kumar,1971-04-10,margaret.kumar52@gmail.com,(889) 966-6603,9898 Oak Ave,AZ,52247,2025-02-25 09:00:00,HH-00214
CUST-00221,Richard,Thompson,2002-11-07,richard.thompson95@hotmail.com,(404) 440-4965,7751 Oak Ave,NY,17944,2023-08-03 09:00:00,HH-00056
CUST-00222,Meera,Rodriguez,1961-02-03,meera.rodriguez79@hotmail.com,(206) 982-9871,2340 Cedar Ln,TX,50492,2024-02-18 09:00:00,HH-00273
CUST-00223,Michael,Nair,1972-08-06,michael.nair51@outlook.com,(427) 968-3101,3911 Main St,MO,36062,2005-09-23 09:00:00,HH-00005
CUST-00224,David,Jackson,1998-03-15,david.jackson90@gmail.com,(730) 671-6171,4442 Valley View,WI,62098,2023-08-01 09:00:00,HH-00250
CUST-00225,Sandra,Smith,1971-03-18,sandra.smith31@outlook.com,(475) 682-6621,3757 Elm St,NY,98696,2019-08-21 09:00:00,HH-00002
CUST-00226,Sanjay,Garcia,1972-08-06,sanjay.garcia74@yahoo.com,(902) 434-2636,1974 Washington Blvd,MA,43586,2013-01-29 09:00:00,HH-00158
CUST-00227,Dorothy,Rodriguez,2002-03-16,dorothy.rodriguez23@gmail.com,(631) 711-3203,9183 Elm St,OH,65108,2015-03-12 09:00:00,HH-00115
CUST-00228,Neha,Nair,1991-01-13,neha.nair89@gmail.com,(367) 261-4530,2024 Elm St,TN,48254,2023-06-22 09:00:00,HH-00233
CUST-00229,Sunita,Rodriguez,1990-09-26,sunita.rodriguez45@outlook.com,(220) 621-2986,4886 Elm St,TN,23446,2023-04-13 09:00:00,HH-00191
CUST-00230,Vikram,Nair,2004-05-12,vikram.nair87@outlook.com,(722) 699-8322,6665 High St,FL,85631,2019-08-29 09:00:00,HH-00195
CUST-00231,Pooja,Williams,1976-07-21,pooja.williams10@hotmail.com,(281) 365-6629,9738 Lake Dr,MD,38864,2023-12-19 09:00:00,HH-00048
CUST-00232,Joshua,Anderson,1983-06-24,joshua.anderson53@hotmail.com,(371) 388-1378,8437 Hill Rd,AZ,73242,2023-12-16 09:00:00,HH-00234
CUST-00233,Matthew,Singh,1980-02-04,matthew.singh61@gmail.com,(761) 255-1431,1733 Church St,CA,28894,2024-01-14 09:00:00,HH-00248
CUST-00234,Donna,Thomas,1979-05-08,donna.thomas95@yahoo.com,(490) 653-3071,8648 Hill Rd,WI,80539,2024-12-01 09:00:00,HH-00169
CUST-00235,Matthew,Jackson,1985-08-28,matthew.jackson71@outlook.com,(655) 338-9835,6143 Park Ave,WI,89593,2024-06-25 09:00:00,HH-00159
CUST-00236,Steven,White,1995-09-10,steven.white62@outlook.com,(752) 432-2467,4133 Oak Ave,WI,20745,2019-05-13 09:00:00,HH-00074
CUST-00237,Nikhil,Martinez,1963-06-10,nikhil.martinez69@hotmail.com,(208) 904-9059,7554 Forest Way,AZ,82845,2017-07-17 09:00:00,HH-00066
CUST-00238,Emily,Martin,1990-06-07,emily.martin72@hotmail.com,(647) 604-5094,8417 Cedar Ln,MI,93748,2010-05-21 09:00:00,HH-00036
CUST-00239,Mark,Kumar,1970-09-25,mark.kumar37@outlook.com,(864) 960-9715,4681 Hill Rd,MO,11330,2020-08-25 09:00:00,HH-00176
CUST-00240,Anita,Rodriguez,1994-08-09,anita.rodriguez25@hotmail.com,(528) 219-3492,9991 Hill Rd,CA,21970,2021-08-18 09:00:00,HH-00215
CUST-00241,David,Thompson,1955-04-03,david.thompson2@yahoo.com,(705) 422-6601,3550 Valley View,OH,93130,2021-02-17 09:00:00,HH-00086
CUST-00242,Suresh,Martinez,1960-03-02,suresh.martinez51@outlook.com,(273) 756-8702,8131 Cedar Ln,AZ,57472,2024-09-16 09:00:00,HH-00167
CUST-00243,Steven,Miller,2000-04-13,steven.miller32@hotmail.com,(955) 234-4263,5519 Sunset Blvd,MA,45509,2017-05-23 09:00:00,HH-00183
CUST-00244,Arun,Singh,1974-06-06,arun.singh96@gmail.com,(762) 733-3001,6611 Sunset Blvd,FL,61717,2017-08-19 09:00:00,HH-00281
CUST-00245,Kevin,Martin,1962-04-21,kevin.martin42@hotmail.com,(215) 371-5523,8930 Hill Rd,MD,66155,2024-02-21 09:00:00,HH-00026
CUST-00246,Jessica,Brown,1999-10-05,jessica.brown99@outlook.com,(291) 454-3583,142 Forest Way,MI,86931,2017-09-12 09:00:00,HH-00239
CUST-00247,Patricia,Williams,1977-11-05,patricia.williams17@gmail.com,(699) 438-6189,7345 Hill Rd,IL,86720,2024-10-15 09:00:00,HH-00218
CUST-00248,Elizabeth,Gupta,1979-06-24,elizabeth.gupta33@yahoo.com,(240) 696-8168,7024 Valley View,NC,30379,2024-10-27 09:00:00,HH-00008
CUST-00249,Elizabeth,Martinez,1984-05-28,elizabeth.martinez9@yahoo.com,(743) 358-8362,3239 Washington Blvd,MO,68800,2023-07-24 09:00:00,HH-00058
CUST-00250,George,Reddy,1966-01-20,george.reddy80@outlook.com,(444) 528-2037,1415 Valley View,MO,59808,2023-10-22 09:00:00,HH-00251
CUST-00251,Betty,Thompson,1973-06-14,betty.thompson15@outlook.com,(298) 735-2092,4045 High St,MD,28758,2024-02-28 09:00:00,HH-00261
CUST-00252,Michael,Reddy,1957-10-21,michael.reddy85@hotmail.com,(701) 738-5193,1221 Lake Dr,MI,39817,2024-03-07 09:00:00,HH-00253
CUST-00253,David,Taylor,1960-08-26,david.taylor47@gmail.com,(771) 961-7814,9116 Cedar Ln,TX,95477,2022-06-23 09:00:00,HH-00061
CUST-00254,Sunita,Taylor,1974-02-07,sunita.taylor13@gmail.com,(942) 436-9710,1784 Sunset Blvd,MO,63264,2019-06-17 09:00:00,HH-00096
CUST-00255,Arjun,Miller,1990-07-24,arjun.miller99@gmail.com,(853) 790-6864,2366 High St,FL,16175,2019-09-10 09:00:00,HH-00028
CUST-00256,Margaret,Moore,1987-06-22,margaret.moore69@yahoo.com,(814) 653-6772,3214 Hill Rd,TX,67154,2022-01-08 09:00:00,HH-00110
CUST-00257,Neha,Anderson,2001-06-20,neha.anderson73@yahoo.com,(758) 419-7145,2366 High St,FL,16175,2018-04-27 09:00:00,HH-00028
CUST-00258,Donna,Thompson,2001-01-10,donna.thompson67@gmail.com,(338) 509-1107,8299 High St,MA,20543,2024-01-12 09:00:00,HH-00213
CUST-00259,Timothy,Davis,1990-09-18,timothy.davis13@yahoo.com,(238) 671-6827,9559 Washington Blvd,FL,16006,2006-03-26 09:00:00,HH-00014
CUST-00260,Anthony,Jones,1991-07-19,anthony.jones94@yahoo.com,(279) 940-6319,978 Elm St,PA,83772,2022-10-05 09:00:00,HH-00196
CUST-00261,Priya,Martin,1993-11-10,priya.martin94@gmail.com,(790) 590-2285,7584 Forest Way,OH,60422,2010-08-20 09:00:00,HH-00266
CUST-00262,Donna,Johnson,1962-04-24,donna.johnson82@gmail.com,(996) 847-7266,6249 River Rd,OH,19961,2012-05-02 09:00:00,HH-00162
CUST-00263,David,Martinez,1964-01-22,david.martinez58@hotmail.com,(970) 809-9269,1266 Lake Dr,NC,91927,2019-09-20 09:00:00,HH-00207
CUST-00264,Thomas,Davis,2002-01-18,thomas.davis34@hotmail.com,(287) 608-9221,7632 Elm St,AZ,33086,2021-10-19 09:00:00,HH-00168
CUST-00265,Rahul,Sharma,1991-04-18,rahul.sharma32@yahoo.com,(273) 472-8046,2824 Spring St,TN,73092,2023-01-06 09:00:00,HH-00063
CUST-00266,Raj,Shah,1975-06-20,raj.shah99@gmail.com,(512) 373-6729,4283 Main St,MA,47700,2024-05-11 09:00:00,HH-00263
CUST-00267,Karen,Reddy,1967-11-12,karen.reddy97@yahoo.com,(945) 287-2841,4594 Oak Ave,TX,82529,2017-01-02 09:00:00,HH-00190
CUST-00268,Kimberly,Johnson,1976-12-26,kimberly.johnson40@gmail.com,(660) 682-1372,8990 Church St,AZ,18161,2023-04-19 09:00:00,HH-00140
CUST-00269,Amit,Miller,1994-12-05,amit.miller49@gmail.com,(796) 879-9631,1333 Elm St,GA,98647,2019-10-23 09:00:00,HH-00280
CUST-00270,Michael,Rodriguez,1996-01-03,michael.rodriguez85@hotmail.com,(477) 878-6901,7887 Park Ave,NC,79163,2025-03-15 09:00:00,HH-00043
CUST-00271,Meera,Brown,2000-02-11,meera.brown77@hotmail.com,(744) 290-4054,6042 Cedar Ln,VA,81364,2022-10-21 09:00:00,HH-00296
CUST-00272,Paul,Jackson,1974-06-16,paul.jackson96@hotmail.com,(360) 218-6681,3602 River Rd,TX,31579,2017-01-24 09:00:00,HH-00064
CUST-00273,Margaret,Taylor,1958-11-09,margaret.taylor4@hotmail.com,(768) 486-4695,5761 Forest Way,AZ,42780,2023-12-08 09:00:00,HH-00265
CUST-00274,Anthony,Anderson,1994-11-22,anthony.anderson54@yahoo.com,(446) 786-3502,9298 Valley View,WI,39015,2012-12-16 09:00:00,HH-00286
CUST-00275,Rahul,Martinez,1989-11-26,rahul.martinez18@yahoo.com,(516) 905-9582,7779 Forest Way,WA,45683,2024-08-11 09:00:00,HH-00212
CUST-00276,Divya,Jones,1965-06-03,divya.jones24@gmail.com,(525) 349-1483,8329 Valley View,NY,67711,2018-09-10 09:00:00,HH-00247
CUST-00277,Emily,Anderson,1995-12-09,emily.anderson25@yahoo.com,(309) 334-4026,9298 Valley View,WI,39015,2012-03-25 09:00:00,HH-00286
CUST-00278,Robert,Sharma,1969-11-01,robert.sharma11@outlook.com,(904) 998-8808,2981 Church St,TX,83060,2019-07-07 09:00:00,HH-00129
CUST-00279,Matthew,Jackson,1985-03-06,matthew.jackson29@yahoo.com,(233) 618-1245,5800 Spring St,NJ,52081,2023-08-08 09:00:00,HH-00220
CUST-00280,Anjali,Rodriguez,1966-08-28,anjali.rodriguez89@hotmail.com,(532) 668-5043,3264 River Rd,NJ,46517,2024-02-04 09:00:00,HH-00103
CUST-00281,Rahul,Thomas,2002-10-20,rahul.thomas67@gmail.com,(311) 662-8485,8766 Main St,MO,49240,2023-04-29 09:00:00,HH-00083
CUST-00282,Sunita,Rao,1990-07-17,sunita.rao25@gmail.com,(498) 650-7521,9991 Hill Rd,CA,21970,2019-12-13 09:00:00,HH-00215
CUST-00283,Pooja,Martinez,1999-09-05,pooja.martinez83@hotmail.com,(662) 292-9202,4789 Lake Dr,WI,56179,2014-01-05 09:00:00,HH-00271
CUST-00284,Daniel,Garcia,1983-01-06,daniel.garcia76@hotmail.com,(929) 406-8449,2485 Lake Dr,IN,64008,2019-01-23 09:00:00,HH-00258
CUST-00285,Thomas,Rodriguez,1960-02-23,thomas.rodriguez82@hotmail.com,(571) 287-9582,978 Elm St,PA,83772,2018-12-26 09:00:00,HH-00196
CUST-00286,Ashley,Thomas,1957-03-11,ashley.thomas21@yahoo.com,(348) 383-1840,3602 River Rd,TX,31579,2019-06-25 09:00:00,HH-00064
CUST-00287,Suresh,Martinez,1963-04-01,suresh.martinez2@outlook.com,(669) 709-9169,4447 Oak Ave,PA,65176,2025-02-02 09:00:00,HH-00307
CUST-00288,Barbara,Gupta,1981-08-03,barbara.gupta32@gmail.com,(760) 484-4401,7887 Park Ave,NC,79163,2021-05-08 09:00:00,HH-00043
CUST-00289,David,Garcia,1993-05-11,david.garcia7@gmail.com,(311) 626-3920,9738 Lake Dr,MD,38864,2022-05-10 09:00:00,HH-00048
CUST-00290,Mark,Shah,1984-12-19,mark.shah5@outlook.com,(295) 986-5903,2485 Lake Dr,IN,64008,2019-01-16 09:00:00,HH-00258
CUST-00291,Raj,Taylor,1985-03-04,raj.taylor43@outlook.com,(739) 623-9595,4630 Forest Way,NY,35443,2024-08-14 09:00:00,HH-00187
CUST-00292,Andrew,Kumar,1960-08-24,andrew.kumar55@outlook.com,(823) 524-5254,9898 Oak Ave,AZ,52247,2019-09-08 09:00:00,HH-00214
CUST-00293,Linda,White,1995-08-16,linda.white79@yahoo.com,(438) 925-5759,5185 Lake Dr,OH,29313,2021-11-22 09:00:00,HH-00123
CUST-00294,Paul,Smith,1994-07-14,paul.smith43@gmail.com,(558) 773-4478,7322 Oak Ave,MD,57823,2023-08-11 09:00:00,HH-00274
CUST-00295,James,Patel,1975-01-04,james.patel44@outlook.com,(605) 941-1477,7344 Washington Blvd,IN,72021,2018-08-04 09:00:00,HH-00120
CUST-00296,Kavita,Garcia,1957-11-05,kavita.garcia20@hotmail.com,(842) 671-9797,7679 Lake Dr,FL,68082,2017-12-06 09:00:00,HH-00060
CUST-00297,Neha,Anderson,1991-12-22,neha.anderson72@outlook.com,(748) 219-4412,3592 Hill Rd,PA,55745,2017-11-26 09:00:00,HH-00080
CUST-00298,Susan,Shah,1956-06-13,susan.shah74@yahoo.com,(820) 598-4070,3435 Hill Rd,MO,27172,2025-01-27 09:00:00,HH-00228
CUST-00299,Sarah,Brown,1981-02-16,sarah.brown48@yahoo.com,(662) 509-4541,5591 Maple Dr,GA,98184,2024-08-24 09:00:00,HH-00122
CUST-00300,Linda,Martinez,1987-01-26,linda.martinez65@hotmail.com,(357) 394-6572,5519 Sunset Blvd,MA,45509,2025-03-13 09:00:00,HH-00183
CUST-00301,Anjali,Martin,1988-11-05,anjali.martin93@yahoo.com,(237) 670-7350,5139 Forest Way,MA,26299,2015-10-29 09:00:00,HH-00211
CUST-00302,Ashley,Nair,1960-06-15,ashley.nair14@gmail.com,(733) 984-6119,3556 Valley View,OH,95909,2017-11-18 09:00:00,HH-00023
CUST-00303,Robert,White,1989-06-25,robert.white86@hotmail.com,(320) 479-3446,9581 Main St,MI,85470,2023-04-06 09:00:00,HH-00161
CUST-00304,Mark,Rodriguez,1990-06-09,mark.rodriguez91@yahoo.com,(490) 787-5011,1853 Elm St,NC,46930,2019-09-29 09:00:00,HH-00085
CUST-00305,Mark,Williams,1998-01-04,mark.williams7@hotmail.com,(288) 636-7421,9829 High St,MI,14278,2025-02-02 09:00:00,HH-00205
CUST-00306,Steven,Kumar,1974-06-27,steven.kumar92@yahoo.com,(976) 886-9740,1797 Elm St,NC,25129,2018-05-12 09:00:00,HH-00084
CUST-00307,Thomas,Iyer,1984-02-15,thomas.iyer88@outlook.com,(859) 927-8625,3911 Main St,MO,36062,2007-10-18 09:00:00,HH-00005
CUST-00308,Mary,Davis,1966-12-22,mary.davis42@outlook.com,(664) 699-1495,1393 River Rd,WI,99539,2024-04-02 09:00:00,HH-00260
CUST-00309,Richard,Martin,1991-03-17,richard.martin52@gmail.com,(931) 309-6339,3998 Valley View,CA,32838,2023-08-01 09:00:00,HH-00306
CUST-00310,Elizabeth,Patel,1970-09-06,elizabeth.patel50@hotmail.com,(267) 548-4411,3666 Oak Ave,MD,81066,2023-12-08 09:00:00,HH-00068
CUST-00311,Sunita,Kumar,1970-03-22,sunita.kumar95@gmail.com,(928) 787-8972,9436 River Rd,NJ,13761,2020-05-13 09:00:00,HH-00173
CUST-00312,Daniel,White,1980-02-20,daniel.white88@gmail.com,(810) 989-7208,1246 Valley View,WI,51145,2023-11-21 09:00:00,HH-00112
CUST-00313,Raj,Martin,2003-11-26,raj.martin97@gmail.com,(350) 876-3444,3833 Forest Way,FL,40512,2021-06-14 09:00:00,HH-00015
CUST-00314,Nikhil,Thompson,1974-10-26,nikhil.thompson56@outlook.com,(935) 552-2462,8937 Sunset Blvd,IN,75771,2015-01-29 09:00:00,HH-00277
CUST-00315,Jessica,Smith,1990-01-01,jessica.smith15@outlook.com,(488) 231-4854,785 Forest Way,VA,15229,2024-11-06 09:00:00,HH-00094
CUST-00316,Rahul,Kumar,1968-11-06,rahul.kumar18@hotmail.com,(392) 768-7301,8053 Washington Blvd,MO,27342,2018-12-26 09:00:00,HH-00052
CUST-00317,Kavita,Iyer,1955-02-21,kavita.iyer19@gmail.com,(938) 698-8155,5455 Valley View,WA,46471,2025-01-18 09:00:00,HH-00152
CUST-00318,Matthew,Williams,1982-10-06,matthew.williams66@hotmail.com,(634) 765-8373,4133 Oak Ave,WI,20745,2018-03-30 09:00:00,HH-00074
CUST-00319,Arjun,Taylor,2000-09-09,arjun.taylor70@hotmail.com,(790) 575-1548,3592 Hill Rd,PA,55745,2022-07-03 09:00:00,HH-00080
CUST-00320,Michael,White,2001-12-17,michael.white60@outlook.com,(729) 280-9574,2679 Oak Ave,IN,20500,2024-12-13 09:00:00,HH-00071
CUST-00321,Pooja,Lopez,1995-09-26,pooja.lopez79@outlook.com,(254) 551-9765,6311 Park Ave,WI,84593,2025-04-08 09:00:00,HH-00116
CUST-00322,Donna,Smith,1973-05-06,donna.smith89@gmail.com,(811) 967-5981,6845 Lake Dr,NC,30866,2020-03-12 09:00:00,HH-00099
CUST-00323,Dorothy,Gupta,1973-12-20,dorothy.gupta37@gmail.com,(696) 284-3077,6817 Elm St,FL,71537,2024-11-20 09:00:00,HH-00249
CUST-00324,Jennifer,Williams,1955-12-04,jennifer.williams76@yahoo.com,(956) 354-8317,3575 Sunset Blvd,NC,54608,2014-03-05 09:00:00,HH-00175
CUST-00325,Sanjay,Gupta,1957-06-03,sanjay.gupta77@yahoo.com,(357) 707-7765,3214 Hill Rd,TX,67154,2021-05-11 09:00:00,HH-00110
CUST-00326,Donna,Thomas,1977-01-21,donna.thomas97@outlook.com,(318) 253-3745,9152 Elm St,AZ,26704,2019-05-10 09:00:00,HH-00093
CUST-00327,Arun,Thomas,1998-12-13,arun.thomas34@hotmail.com,(348) 743-8122,2024 Elm St,TN,48254,2023-08-03 09:00:00,HH-00233
CUST-00328,James,Martinez,1957-02-18,james.martinez56@outlook.com,(825) 867-5466,420 River Rd,TN,10772,2019-02-24 09:00:00,HH-00142
CUST-00329,Amit,Rodriguez,2002-04-24,amit.rodriguez67@yahoo.com,(545) 893-3947,6324 Cedar Ln,VA,55082,2012-11-07 09:00:00,HH-00010
CUST-00330,Raj,Thompson,1998-08-12,raj.thompson93@yahoo.com,(490) 457-4163,3133 Washington Blvd,OH,73464,2022-03-14 09:00:00,HH-00186
CUST-00331,Michael,Smith,1993-11-04,michael.smith12@gmail.com,(819) 333-7159,4045 High St,MD,28758,2024-06-04 09:00:00,HH-00261
CUST-00332,Betty,Sharma,1971-05-15,betty.sharma82@gmail.com,(664) 483-7995,759 Park Ave,TN,78021,2017-09-15 09:00:00,HH-00217
CUST-00333,Sandra,Rao,1958-07-13,sandra.rao8@outlook.com,(464) 471-3915,7757 Elm St,WI,80008,2022-12-31 09:00:00,HH-00147
CUST-00334,Nikhil,Williams,1964-09-25,nikhil.williams28@hotmail.com,(828) 858-2740,9738 Lake Dr,MD,38864,2019-06-29 09:00:00,HH-00048
CUST-00335,Divya,Moore,1983-01-16,divya.moore84@yahoo.com,(855) 200-1619,232 Oak Ave,WI,75107,2024-05-01 09:00:00,HH-00270
CUST-00336,Betty,Thomas,2004-08-16,betty.thomas52@hotmail.com,(945) 999-2148,7554 Forest Way,AZ,82845,2018-01-08 09:00:00,HH-00066
CUST-00337,Barbara,Davis,1977-06-22,barbara.davis52@outlook.com,(256) 847-2485,7162 Sunset Blvd,AZ,63883,2018-06-15 09:00:00,HH-00055
CUST-00338,Sanjay,Thompson,1967-03-18,sanjay.thompson50@gmail.com,(876) 395-5896,3488 Spring St,WA,86556,2023-11-10 09:00:00,HH-00141
CUST-00339,Sandra,Thomas,2002-04-05,sandra.thomas25@gmail.com,(225) 937-4907,7316 Valley View,IL,16734,2020-09-29 09:00:00,HH-00193
CUST-00340,Patricia,Thomas,1983-01-02,patricia.thomas8@outlook.com,(545) 938-1701,1135 Church St,MI,95097,2011-02-21 09:00:00,HH-00287
CUST-00341,Deepak,Brown,1989-03-24,deepak.brown10@yahoo.com,(237) 953-3319,8299 High St,MA,20543,2006-04-09 09:00:00,HH-00213
CUST-00342,Patricia,Patel,1955-03-21,patricia.patel40@gmail.com,(299) 667-3796,8719 Cedar Ln,FL,72422,2019-06-14 09:00:00,HH-00308
CUST-00343,Kavita,White,1959-04-14,kavita.white95@outlook.com,(894) 611-6312,6968 Valley View,NC,36772,2021-12-20 09:00:00,HH-00075
CUST-00344,Daniel,Shah,1992-03-11,daniel.shah16@gmail.com,(480) 344-7801,8073 Elm St,OH,48890,2008-01-13 09:00:00,HH-00067
CUST-00345,Mark,Kumar,2005-11-20,mark.kumar21@hotmail.com,(216) 698-2322,1086 Cedar Ln,OH,91987,2025-01-15 09:00:00,HH-00201
CUST-00346,James,Smith,2005-08-23,james.smith27@yahoo.com,(346) 855-5439,3892 Forest Way,MI,69510,2019-04-14 09:00:00,HH-00206
CUST-00347,Linda,Moore,1986-10-03,linda.moore45@outlook.com,(628) 204-4860,2664 Main St,AZ,69048,2022-08-31 09:00:00,HH-00204
CUST-00348,Paul,Brown,1987-04-15,paul.brown36@yahoo.com,(254) 398-2846,8437 Hill Rd,AZ,73242,2007-03-14 09:00:00,HH-00234
CUST-00349,Priya,Jones,1957-01-21,priya.jones37@outlook.com,(414) 645-5118,3666 Oak Ave,MD,81066,2020-03-03 09:00:00,HH-00068
CUST-00350,Amit,Lopez,1966-03-26,amit.lopez63@gmail.com,(727) 318-2160,3953 River Rd,NY,84668,2008-08-30 09:00:00,HH-00073
CUST-00351,Neha,Davis,1975-04-25,neha.davis42@gmail.com,(433) 300-4884,8053 Washington Blvd,MO,27342,2020-11-29 09:00:00,HH-00052
CUST-00352,Kimberly,Hernandez,1982-03-07,kimberly.hernandez23@hotmail.com,(596) 582-3234,3575 Main St,TX,53713,2021-06-09 09:00:00,HH-00299
CUST-00353,Arun,Singh,1991-01-09,arun.singh15@yahoo.com,(676) 669-7852,1233 Elm St,PA,96474,2025-03-08 09:00:00,HH-00042
CUST-00354,Mark,Sharma,1994-03-19,mark.sharma12@yahoo.com,(621) 734-9015,9395 Maple Dr,FL,73699,2019-07-11 09:00:00,HH-00041
CUST-00355,Meera,Miller,1970-04-11,meera.miller75@hotmail.com,(427) 805-3440,2244 Forest Way,MA,51441,2021-02-22 09:00:00,HH-00077
CUST-00356,Divya,White,1987-01-14,divya.white62@hotmail.com,(913) 300-8412,552 Cedar Ln,NC,33405,2022-04-27 09:00:00,HH-00106
CUST-00357,Patricia,Davis,1977-05-08,patricia.davis3@gmail.com,(691) 885-5994,8437 Hill Rd,AZ,73242,2023-01-13 09:00:00,HH-00234
CUST-00358,Mark,Kumar,1963-12-13,mark.kumar48@yahoo.com,(841) 675-1022,4182 Cedar Ln,MA,27477,2019-08-16 09:00:00,HH-00130
CUST-00359,Meera,Patel,1972-12-20,meera.patel88@yahoo.com,(282) 835-6500,6471 Valley View,WA,31632,2020-11-16 09:00:00,HH-00146
CUST-00360,Kimberly,Iyer,1978-08-20,kimberly.iyer47@gmail.com,(575) 379-2097,9243 Spring St,WI,88135,2025-04-17 09:00:00,HH-00198
CUST-00361,Elizabeth,Kumar,2002-10-28,elizabeth.kumar97@yahoo.com,(962) 979-4693,3917 Valley View,PA,88116,2020-11-12 09:00:00,HH-00302
CUST-00362,Raj,Taylor,1983-08-17,raj.taylor61@gmail.com,(926) 744-9730,9298 Valley View,WI,39015,2023-07-14 09:00:00,HH-00286
CUST-00363,Neha,Martinez,1959-04-15,neha.martinez11@gmail.com,(600) 383-5724,217 Maple Dr,TX,40007,2009-03-25 09:00:00,HH-00049
CUST-00364,Richard,Brown,1995-01-10,richard.brown88@hotmail.com,(754) 335-8764,8648 Hill Rd,WI,80539,2024-04-25 09:00:00,HH-00169
CUST-00365,Vikram,Hernandez,1969-09-21,vikram.hernandez53@outlook.com,(792) 551-6346,4908 Spring St,IL,69470,2016-10-15 09:00:00,HH-00034
CUST-00366,Patricia,White,2005-05-06,patricia.white30@outlook.com,(695) 580-5720,4669 Church St,GA,70910,2019-10-20 09:00:00,HH-00172
CUST-00367,Donna,Nair,2000-09-10,donna.nair23@yahoo.com,(925) 909-3514,7632 Elm St,AZ,33086,2015-07-20 09:00:00,HH-00168
CUST-00368,Mark,Davis,1968-09-23,mark.davis86@gmail.com,(524) 552-3423,2366 High St,FL,16175,2022-07-21 09:00:00,HH-00028
CUST-00369,Sanjay,Moore,1986-03-15,sanjay.moore20@outlook.com,(204) 956-9948,9660 River Rd,VA,38746,2021-01-12 09:00:00,HH-00027
CUST-00370,Jennifer,Anderson,1991-11-05,jennifer.anderson44@hotmail.com,(905) 315-8847,4447 Oak Ave,PA,65176,2005-12-01 09:00:00,HH-00307
CUST-00371,Neha,Johnson,1983-06-03,neha.johnson8@outlook.com,(822) 856-4197,3575 Sunset Blvd,NC,54608,2012-09-22 09:00:00,HH-00175
CUST-00372,Jessica,Jackson,1983-11-22,jessica.jackson66@gmail.com,(603) 399-9035,6042 Cedar Ln,VA,81364,2021-02-24 09:00:00,HH-00296
CUST-00373,Raj,Lopez,1982-06-13,raj.lopez2@outlook.com,(491) 553-6756,2430 Maple Dr,TX,31747,2024-11-08 09:00:00,HH-00210
CUST-00374,Timothy,Moore,1983-05-06,timothy.moore94@hotmail.com,(624) 342-2410,3797 River Rd,MA,68028,2012-03-20 09:00:00,HH-00199
CUST-00375,Anthony,Miller,1992-07-03,anthony.miller53@gmail.com,(854) 479-7791,4571 Spring St,TN,13804,2013-07-09 09:00:00,HH-00145
CUST-00376,Steven,Thompson,1973-09-16,steven.thompson39@gmail.com,(799) 511-9095,4886 Elm St,TN,23446,2015-02-26 09:00:00,HH-00191
CUST-00377,Elizabeth,Singh,1995-08-04,elizabeth.singh54@outlook.com,(383) 703-5009,4630 Forest Way,NY,35443,2014-05-24 09:00:00,HH-00187
CUST-00378,Robert,Brown,1985-10-14,robert.brown81@outlook.com,(902) 687-2959,2684 Church St,MO,49651,2023-07-22 09:00:00,HH-00082
CUST-00379,Sanjay,Jackson,1984-12-05,sanjay.jackson21@outlook.com,(254) 479-6917,3366 Main St,WI,29973,2024-10-01 09:00:00,HH-00156
CUST-00380,Suresh,Patel,1987-04-25,suresh.patel98@yahoo.com,(296) 813-3738,9470 Sunset Blvd,MD,48780,2011-03-12 09:00:00,HH-00268
CUST-00381,Barbara,Anderson,1999-06-04,barbara.anderson19@outlook.com,(213) 340-9489,7679 Lake Dr,FL,68082,2019-02-12 09:00:00,HH-00060
CUST-00382,George,Taylor,1987-04-27,george.taylor72@yahoo.com,(828) 906-9612,1813 Park Ave,NJ,63955,2023-09-19 09:00:00,HH-00221
CUST-00383,Lakshmi,Thompson,1962-03-01,lakshmi.thompson45@hotmail.com,(519) 907-6940,8531 Main St,MO,70552,2012-07-16 09:00:00,HH-00225
CUST-00384,Matthew,Reddy,1974-01-24,matthew.reddy29@gmail.com,(331) 910-3332,217 Maple Dr,TX,40007,2022-07-26 09:00:00,HH-00049
CUST-00385,Sandra,Davis,1962-02-01,sandra.davis97@hotmail.com,(641) 243-4217,6647 Lake Dr,PA,95990,2012-06-13 09:00:00,HH-00127
CUST-00386,Charles,Johnson,1959-05-22,charles.johnson97@gmail.com,(298) 326-4365,5413 Oak Ave,GA,14207,2023-07-07 09:00:00,HH-00021
CUST-00387,Jessica,Rao,1972-10-12,jessica.rao21@outlook.com,(712) 999-4962,3366 Main St,WI,29973,2022-05-24 09:00:00,HH-00156
CUST-00388,Jennifer,White,1973-03-25,jennifer.white93@gmail.com,(301) 419-9260,8417 Washington Blvd,PA,59009,2018-09-23 09:00:00,HH-00037
CUST-00389,Lakshmi,Kumar,1977-07-14,lakshmi.kumar66@yahoo.com,(433) 617-2848,9372 Park Ave,IL,32946,2024-12-16 09:00:00,HH-00259
CUST-00390,Emily,Anderson,1990-12-02,emily.anderson42@gmail.com,(705) 318-7304,7032 Washington Blvd,MO,36365,2021-11-10 09:00:00,HH-00044
CUST-00391,George,Moore,1973-07-07,george.moore61@gmail.com,(895) 576-3937,300 Forest Way,TN,72746,2017-08-30 09:00:00,HH-00192
CUST-00392,James,Shah,1964-07-13,james.shah95@gmail.com,(372) 266-6959,4681 Hill Rd,MO,11330,2024-12-11 09:00:00,HH-00176
CUST-00393,Paul,Anderson,1986-05-25,paul.anderson97@outlook.com,(859) 609-6834,7664 Park Ave,TX,44099,2020-07-09 09:00:00,HH-00150
CUST-00394,Mary,Shah,1961-02-09,mary.shah64@hotmail.com,(436) 843-3205,1754 River Rd,NC,69429,2014-03-14 09:00:00,HH-00016
CUST-00395,Robert,Brown,1993-11-11,robert.brown39@yahoo.com,(836) 838-2578,9164 Main St,NY,99353,2022-11-17 09:00:00,HH-00032
CUST-00396,Emily,Williams,1986-08-17,emily.williams70@outlook.com,(551) 753-9955,3488 Spring St,WA,86556,2023-07-02 09:00:00,HH-00141
CUST-00397,Robert,Sharma,1979-08-15,robert.sharma5@gmail.com,(381) 770-5965,4906 Sunset Blvd,VA,66450,2023-09-05 09:00:00,HH-00257
CUST-00398,Pooja,Kumar,1991-11-16,pooja.kumar61@hotmail.com,(775) 360-9301,3926 Spring St,TX,51704,2012-11-16 09:00:00,HH-00244
CUST-00399,David,Thomas,1973-06-02,david.thomas76@gmail.com,(246) 331-7003,1886 Church St,IN,39038,2009-06-06 09:00:00,HH-00310
CUST-00400,Vikram,Gupta,1977-06-14,vikram.gupta8@outlook.com,(877) 450-5056,5788 Spring St,VA,19038,2024-09-29 09:00:00,HH-00165
CUST-00401,Kenneth,Patel,1965-01-18,kenneth.patel5@outlook.com,(671) 873-7921,2632 Lake Dr,IL,33206,2025-02-01 09:00:00,HH-00097
CUST-00402,Susan,Jackson,1979-10-13,susan.jackson74@outlook.com,(300) 700-2639,4447 Oak Ave,PA,65176,2010-06-29 09:00:00,HH-00307
CUST-00403,Sandra,Shah,1974-06-14,sandra.shah64@yahoo.com,(850) 277-9779,6897 Cedar Ln,TN,90694,2023-07-19 09:00:00,HH-00293
CUST-00404,Andrew,Martinez,1960-12-28,andrew.martinez76@gmail.com,(544) 479-2102,9124 Main St,MO,63476,2019-09-04 09:00:00,HH-00231
CUST-00405,Susan,Gupta,1987-05-14,susan.gupta26@outlook.com,(624) 611-5116,5268 River Rd,NC,18675,2016-08-16 09:00:00,HH-00022
CUST-00406,Karen,Jackson,1966-10-16,karen.jackson85@yahoo.com,(960) 678-5389,544 Maple Dr,AZ,27786,2021-08-21 09:00:00,HH-00149
CUST-00407,Anjali,Patel,1995-01-17,anjali.patel47@yahoo.com,(673) 351-4938,6342 Sunset Blvd,NY,98452,2018-09-12 09:00:00,HH-00284
CUST-00408,Anthony,Singh,1959-11-07,anthony.singh35@hotmail.com,(493) 861-3631,3209 Cedar Ln,MA,22015,2013-09-21 09:00:00,HH-00298
CUST-00409,Kevin,Shah,1974-08-16,kevin.shah55@hotmail.com,(862) 237-4309,3850 Main St,NC,85529,2023-09-23 09:00:00,HH-00216
CUST-00410,Mark,Rodriguez,1957-12-16,mark.rodriguez8@gmail.com,(285) 521-5882,5078 Maple Dr,GA,25525,2024-01-09 09:00:00,HH-00197
CUST-00411,Meera,Williams,2001-03-08,meera.williams74@gmail.com,(952) 712-2976,2684 Church St,MO,49651,2024-08-14 09:00:00,HH-00082
CUST-00412,Linda,Shah,1970-10-04,linda.shah43@outlook.com,(798) 954-7388,522 Elm St,CA,56955,2014-07-11 09:00:00,HH-00305
CUST-00413,Anita,Singh,1972-08-14,anita.singh76@outlook.com,(257) 702-9740,6077 Park Ave,VA,56566,2022-09-02 09:00:00,HH-00017
CUST-00414,Sanjay,Kumar,2005-03-12,sanjay.kumar92@hotmail.com,(576) 515-1345,3781 Maple Dr,NJ,12757,2009-05-10 09:00:00,HH-00047
CUST-00415,Nancy,Rao,2005-11-08,nancy.rao71@outlook.com,(593) 516-6945,574 Oak Ave,NJ,17355,2019-03-26 09:00:00,HH-00256
CUST-00416,Neha,Gupta,1980-05-10,neha.gupta97@gmail.com,(441) 504-4446,8531 Main St,MO,70552,2024-10-15 09:00:00,HH-00225
CUST-00417,Meera,Rao,2005-01-09,meera.rao63@gmail.com,(682) 954-7765,7757 Elm St,WI,80008,2020-12-15 09:00:00,HH-00147
CUST-00418,Anjali,Reddy,1971-09-03,anjali.reddy54@outlook.com,(816) 946-9973,5052 Main St,MO,26591,2023-09-11 09:00:00,HH-00189
CUST-00419,Kimberly,Anderson,2005-11-05,kimberly.anderson52@gmail.com,(404) 843-6006,7016 Maple Dr,WA,60019,2022-04-12 09:00:00,HH-00030
CUST-00420,Raj,White,2003-03-28,raj.white41@hotmail.com,(662) 689-3187,6316 Hill Rd,MO,38785,2005-11-30 09:00:00,HH-00020
CUST-00421,Kevin,Garcia,1966-07-13,kevin.garcia3@yahoo.com,(223) 771-4747,1627 Lake Dr,NY,70482,2018-07-18 09:00:00,HH-00232
CUST-00422,Divya,Williams,1982-10-09,divya.williams12@yahoo.com,(576) 374-2922,8427 Elm St,FL,46208,2019-01-14 09:00:00,HH-00237
CUST-00423,James,Kumar,1969-12-07,james.kumar35@yahoo.com,(494) 964-9096,3659 Church St,MA,40947,2017-11-25 09:00:00,HH-00295
CUST-00424,Arjun,Jones,1967-07-06,arjun.jones19@hotmail.com,(229) 497-5289,2746 Main St,WI,52487,2021-06-18 09:00:00,HH-00038
CUST-00425,Kenneth,Lopez,1985-03-28,kenneth.lopez89@outlook.com,(607) 903-4476,1393 River Rd,WI,99539,2024-12-23 09:00:00,HH-00260
CUST-00426,Ashley,Thomas,1976-04-16,ashley.thomas78@outlook.com,(886) 812-1745,4086 Forest Way,MD,58368,2024-10-09 09:00:00,HH-00181
CUST-00427,James,Rodriguez,1990-01-19,james.rodriguez34@yahoo.com,(373) 715-9074,1896 Elm St,IL,99192,2024-12-07 09:00:00,HH-00029
CUST-00428,Anjali,Anderson,1962-06-02,anjali.anderson64@yahoo.com,(487) 965-6907,146 Hill Rd,PA,27038,2024-08-20 09:00:00,HH-00303
CUST-00429,Anjali,Hernandez,1975-07-06,anjali.hernandez95@outlook.com,(703) 982-3478,3488 Spring St,WA,86556,2022-10-14 09:00:00,HH-00141
CUST-00430,Elizabeth,Nair,1966-01-16,elizabeth.nair21@outlook.com,(922) 678-8150,4086 Forest Way,MD,58368,2024-08-07 09:00:00,HH-00181
CUST-00431,Daniel,Rao,1986-02-28,daniel.rao16@yahoo.com,(557) 295-4337,3366 Main St,WI,29973,2020-10-04 09:00:00,HH-00156
CUST-00432,Meera,Martinez,1992-04-19,meera.martinez68@gmail.com,(985) 784-3958,7887 Park Ave,NC,79163,2014-04-10 09:00:00,HH-00043
CUST-00433,Suresh,Iyer,1998-11-04,suresh.iyer48@hotmail.com,(804) 308-6300,6027 High St,MA,16764,2025-04-11 09:00:00,HH-00227
CUST-00434,Anthony,Smith,1993-11-01,anthony.smith6@outlook.com,(871) 837-8423,8924 High St,VA,53573,2012-02-06 09:00:00,HH-00241
CUST-00435,Raj,Singh,1996-05-11,raj.singh96@gmail.com,(272) 760-7248,153 Hill Rd,IN,33416,2015-12-29 09:00:00,HH-00035
CUST-00436,Thomas,Thomas,1968-03-13,thomas.thomas37@hotmail.com,(862) 970-3525,6870 Oak Ave,OH,77952,2025-02-18 09:00:00,HH-00226
CUST-00437,Daniel,Martinez,1963-06-22,daniel.martinez48@gmail.com,(724) 404-9021,1288 Main St,MA,91416,2018-07-06 09:00:00,HH-00078
CUST-00438,Nikhil,Rao,1978-10-06,nikhil.rao81@hotmail.com,(636) 295-1662,6249 River Rd,OH,19961,2019-07-17 09:00:00,HH-00162
CUST-00439,Jennifer,Anderson,1988-11-21,jennifer.anderson38@gmail.com,(679) 647-2297,4789 Lake Dr,WI,56179,2008-12-26 09:00:00,HH-00271
CUST-00440,Divya,Gupta,1988-07-10,divya.gupta71@gmail.com,(278) 246-9411,8389 Valley View,CA,65057,2006-09-19 09:00:00,HH-00166
CUST-00441,Charles,Jackson,1971-10-03,charles.jackson15@gmail.com,(958) 877-8583,6696 Valley View,NY,42591,2024-05-08 09:00:00,HH-00057
CUST-00442,Steven,Gupta,1992-12-15,steven.gupta80@hotmail.com,(471) 549-4066,2244 Forest Way,MA,51441,2023-10-03 09:00:00,HH-00077
CUST-00443,Andrew,Garcia,1956-01-13,andrew.garcia2@gmail.com,(375) 871-8817,1224 Washington Blvd,MD,38305,2021-03-30 09:00:00,HH-00301
CUST-00444,Arun,Kumar,1994-06-23,arun.kumar39@hotmail.com,(289) 328-3213,1692 Lake Dr,MO,27781,2023-03-23 09:00:00,HH-00290
CUST-00445,James,Miller,1996-03-21,james.miller56@yahoo.com,(841) 751-4127,8437 Hill Rd,AZ,73242,2024-07-04 09:00:00,HH-00234
CUST-00446,Thomas,Martinez,2002-12-15,thomas.martinez61@hotmail.com,(220) 660-4975,572 Lake Dr,IL,50730,2016-02-23 09:00:00,HH-00230
CUST-00447,Paul,Martinez,2000-07-14,paul.martinez95@hotmail.com,(792) 810-5764,5976 Oak Ave,WA,46160,2022-04-15 09:00:00,HH-00297
CUST-00448,Michael,Martin,1986-04-23,michael.martin68@gmail.com,(219) 632-6174,7016 Maple Dr,WA,60019,2006-04-30 09:00:00,HH-00030
CUST-00449,Elizabeth,Williams,1996-06-15,elizabeth.williams3@hotmail.com,(365) 494-4149,709 Forest Way,TN,25220,2018-02-05 09:00:00,HH-00289
CUST-00450,Mary,Taylor,2000-11-15,mary.taylor38@yahoo.com,(940) 928-7395,1227 Lake Dr,VA,47353,2009-04-30 09:00:00,HH-00081
CUST-00451,Suresh,Reddy,1965-10-07,suresh.reddy89@outlook.com,(967) 288-8911,6898 Valley View,IN,45018,2011-11-18 09:00:00,HH-00238
CUST-00452,Matthew,Garcia,1974-04-07,matthew.garcia3@gmail.com,(567) 467-6849,1221 Lake Dr,MI,39817,2012-07-21 09:00:00,HH-00253
CUST-00453,Margaret,Garcia,1962-10-08,margaret.garcia72@gmail.com,(429) 698-5224,4819 Church St,TN,25915,2022-10-27 09:00:00,HH-00229
CUST-00454,Amit,Gupta,1999-09-20,amit.gupta91@gmail.com,(251) 648-8489,3659 Church St,MA,40947,2024-06-11 09:00:00,HH-00295
CUST-00455,Kavita,Sharma,1990-01-17,kavita.sharma22@gmail.com,(845) 320-4365,7107 Main St,NY,19862,2008-03-01 09:00:00,HH-00091
CUST-00456,Divya,Taylor,1961-03-21,divya.taylor43@outlook.com,(341) 325-4307,8105 Main St,NY,57576,2020-05-02 09:00:00,HH-00039
CUST-00457,Nikhil,Hernandez,1965-02-09,nikhil.hernandez92@outlook.com,(972) 624-6908,5455 Valley View,WA,46471,2024-07-11 09:00:00,HH-00152
CUST-00458,Lisa,Shah,1982-07-14,lisa.shah67@hotmail.com,(898) 570-1487,6311 Park Ave,WI,84593,2025-02-21 09:00:00,HH-00116
CUST-00459,Nikhil,Jones,1980-03-14,nikhil.jones51@gmail.com,(977) 237-3473,6696 Valley View,NY,42591,2023-02-08 09:00:00,HH-00057
CUST-00460,Neha,White,1973-07-13,neha.white93@outlook.com,(960) 521-6638,9324 Cedar Ln,FL,80468,2018-12-23 09:00:00,HH-00079
CUST-00461,James,Reddy,1968-09-20,james.reddy90@hotmail.com,(553) 864-7627,7444 Sunset Blvd,IN,87812,2017-12-10 09:00:00,HH-00309
CUST-00462,Donna,Miller,1963-09-18,donna.miller28@outlook.com,(295) 723-6115,158 Valley View,PA,93507,2019-11-09 09:00:00,HH-00089
CUST-00463,Linda,Anderson,1970-05-24,linda.anderson65@hotmail.com,(313) 949-1982,5100 Lake Dr,GA,13101,2022-05-27 09:00:00,HH-00102
CUST-00464,Kavita,Taylor,1983-05-19,kavita.taylor59@gmail.com,(547) 441-9737,8370 Spring St,MO,68446,2008-06-21 09:00:00,HH-00132
CUST-00465,Lakshmi,Lopez,1963-12-13,lakshmi.lopez14@yahoo.com,(535) 728-4154,6968 Valley View,NC,36772,2019-03-17 09:00:00,HH-00075
CUST-00466,Sunita,Sharma,1958-07-05,sunita.sharma28@hotmail.com,(656) 279-7050,9455 High St,GA,71993,2025-01-18 09:00:00,HH-00053
CUST-00467,Margaret,Jackson,1995-07-15,margaret.jackson94@hotmail.com,(626) 366-3364,2880 Maple Dr,MI,77561,2018-08-25 09:00:00,HH-00121
CUST-00468,Jennifer,Jones,1999-04-15,jennifer.jones5@hotmail.com,(964) 360-7051,5247 Lake Dr,NC,61876,2017-09-14 09:00:00,HH-00076
CUST-00469,Divya,Brown,1964-02-12,divya.brown48@outlook.com,(510) 501-8961,2340 Cedar Ln,TX,50492,2024-11-09 09:00:00,HH-00273
CUST-00470,Robert,Gupta,1973-04-06,robert.gupta1@hotmail.com,(325) 760-6712,328 Hill Rd,MO,26199,2022-12-21 09:00:00,HH-00282
CUST-00471,Richard,Nair,1979-08-27,richard.nair98@yahoo.com,(341) 716-8551,4236 High St,NY,18564,2023-07-30 09:00:00,HH-00194
CUST-00472,Emily,Moore,1994-07-13,emily.moore51@yahoo.com,(547) 753-1750,8021 Church St,AZ,87656,2018-11-26 09:00:00,HH-00170
CUST-00473,Betty,Rao,1995-12-10,betty.rao83@gmail.com,(772) 287-4152,1624 Forest Way,GA,63005,2024-12-25 09:00:00,HH-00180
CUST-00474,Karen,Thompson,1956-02-22,karen.thompson3@yahoo.com,(481) 410-5018,7900 High St,MA,12260,2019-09-10 09:00:00,HH-00179
CUST-00475,Kavita,Kumar,1992-01-16,kavita.kumar44@gmail.com,(647) 384-7798,1813 Park Ave,NJ,63955,2023-05-19 09:00:00,HH-00221
CUST-00476,Robert,Nair,1973-03-06,robert.nair99@outlook.com,(291) 357-6026,8370 Spring St,MO,68446,2022-01-31 09:00:00,HH-00132
CUST-00477,Suresh,Shah,1979-02-11,suresh.shah53@yahoo.com,(531) 464-7152,1871 River Rd,TX,71694,2025-03-15 09:00:00,HH-00100
CUST-00478,Sunita,Rao,2003-09-13,sunita.rao35@gmail.com,(262) 525-8615,3556 Valley View,OH,95909,2018-10-13 09:00:00,HH-00023
CUST-00479,Elizabeth,Hernandez,1990-10-22,elizabeth.hernandez32@gmail.com,(981) 768-3057,3688 Washington Blvd,WI,42850,2025-04-14 09:00:00,HH-00272
CUST-00480,Timothy,White,1978-09-06,timothy.white69@yahoo.com,(633) 768-8401,2396 Spring St,IL,46509,2015-02-07 09:00:00,HH-00059
CUST-00481,Michael,Smith,1958-08-09,michael.smith88@outlook.com,(589) 559-4485,8389 Valley View,CA,65057,2022-08-14 09:00:00,HH-00166
CUST-00482,Jessica,Reddy,1980-12-04,jessica.reddy93@yahoo.com,(769) 486-8077,3904 Church St,NC,70236,2024-06-12 09:00:00,HH-00262
CUST-00483,Andrew,Lopez,2003-12-15,andrew.lopez32@outlook.com,(878) 529-6597,5138 Lake Dr,TX,41571,2018-02-14 09:00:00,HH-00040
CUST-00484,Andrew,Moore,1993-08-01,andrew.moore87@gmail.com,(377) 623-9011,4425 High St,NC,16658,2015-12-10 09:00:00,HH-00087
CUST-00485,Emily,Thomas,1997-08-22,emily.thomas46@gmail.com,(585) 815-6864,709 Forest Way,TN,25220,2024-11-27 09:00:00,HH-00289
CUST-00486,Arjun,Garcia,1967-08-01,arjun.garcia96@yahoo.com,(220) 976-5606,4497 Valley View,GA,21359,2022-12-01 09:00:00,HH-00171
CUST-00487,Margaret,Iyer,1969-04-16,margaret.iyer5@outlook.com,(487) 704-4425,6791 Valley View,WA,48752,2010-01-17 09:00:00,HH-00114
CUST-00488,James,Miller,1965-09-07,james.miller9@yahoo.com,(802) 331-2065,8198 Valley View,IL,73904,2021-12-26 09:00:00,HH-00174
CUST-00489,Matthew,Rodriguez,1998-01-23,matthew.rodriguez88@outlook.com,(773) 664-1032,7853 Sunset Blvd,AZ,82140,2022-10-30 09:00:00,HH-00182
CUST-00490,Rahul,Patel,1981-05-04,rahul.patel64@hotmail.com,(570) 729-1712,6143 Park Ave,WI,89593,2013-09-02 09:00:00,HH-00159
CUST-00491,Pooja,Singh,1967-06-03,pooja.singh95@gmail.com,(431) 906-7943,6758 High St,MO,41499,2025-02-27 09:00:00,HH-00178
CUST-00492,Richard,Iyer,1985-07-26,richard.iyer76@gmail.com,(841) 542-5102,4029 Park Ave,MO,19838,2025-02-20 09:00:00,HH-00203
CUST-00493,Kenneth,Brown,1970-02-25,kenneth.brown98@hotmail.com,(297) 840-8314,9395 Maple Dr,FL,73699,2018-05-19 09:00:00,HH-00041
CUST-00494,Jessica,Brown,1959-03-02,jessica.brown8@hotmail.com,(508) 825-8075,4937 Main St,WA,45976,2013-10-14 09:00:00,HH-00269
CUST-00495,Richard,Brown,2003-07-08,richard.brown59@gmail.com,(593) 675-8014,3892 Forest Way,MI,69510,2024-10-18 09:00:00,HH-00206
CUST-00496,Pooja,Lopez,1976-10-07,pooja.lopez14@gmail.com,(212) 809-2106,3917 Valley View,PA,88116,2017-11-08 09:00:00,HH-00302
CUST-00497,Jessica,Gupta,1985-12-20,jessica.gupta24@hotmail.com,(448) 340-1722,3781 Maple Dr,NJ,12757,2022-09-24 09:00:00,HH-00047
CUST-00498,David,Jones,1989-03-05,david.jones40@hotmail.com,(817) 551-5768,1293 Church St,AZ,92544,2023-09-01 09:00:00,HH-00125
CUST-00499,Sanjay,Smith,1990-01-14,sanjay.smith26@outlook.com,(405) 855-4297,7162 Sunset Blvd,AZ,63883,2014-09-12 09:00:00,HH-00055
CUST-00500,Priya,Williams,1976-10-19,priya.williams79@outlook.com,(506) 628-6384,2684 Church St,MO,49651,2019-01-26 09:00:00,HH-00082
