POLICY_ID,PARTY_ID,LINE_OF_BUSINESS,STATUS,EFFECTIVE_DATE,EXPIRATION_DATE,PREMIUM_AMOUNT,DEDUCTIBLE,COVERAGE_LIMIT,BIND_DATE,CANCELLATION_DATE,RENEWAL_COUNT
POL-00005,CUST-00003,AUTO,ACTIVE,2024-12-07,2025-12-07,27202.9,1271.12,287117.03,2024-11-09,,1
POL-00006,CUST-00004,AUTO,EXPIRED,2025-04-10,2026-04-10,19739.73,1362.57,220187.99,2025-03-28,,18
POL-00007,CUST-00005,AUTO,ACTIVE,2025-03-11,2026-03-11,16847.81,1823.82,116855.11,2025-02-15,,4
POL-00008,CUST-00006,AUTO,ACTIVE,2024-10-08,2025-10-08,35330.78,3772.84,403099.35,2024-09-25,,5
POL-00009,CUST-00006,RENTERS,ACTIVE,2025-03-22,2026-03-22,6745.98,1123.26,90593.77,2025-02-27,,5
POL-00010,CUST-00007,HOME,ACTIVE,2024-04-21,2025-04-21,31374.61,9601.77,526382.34,2024-03-23,,0
POL-00011,CUST-00008,AUTO,EXPIRED,2024-10-27,2025-10-27,23287.98,2281.55,187699.57,2024-10-13,,3
POL-00012,CUST-00009,AUTO,ACTIVE,2025-05-03,2026-05-03,37022.08,2500.27,208208.73,2025-04-17,,10
POL-00013,CUST-00010,AUTO,ACTIVE,2024-03-13,2025-03-13,33702.04,1926.59,222066.92,2024-02-20,,0
POL-00014,CUST-00011,AUTO,EXPIRED,2024-09-26,2025-09-26,18296.74,3396.44,403642.98,2024-09-02,,5
POL-00015,CUST-00011,HOME,ACTIVE,2025-05-10,2026-05-10,37798.18,1344.53,280275.94,2025-04-22,,5
POL-00016,CUST-00012,AUTO,ACTIVE,2024-11-06,2025-11-06,42341.57,4990.98,499282.29,2024-10-11,,0
POL-00017,CUST-00012,HOME,PENDING_RENEWAL,2024-07-20,2025-07-20,32571.5,9512.34,839675.18,2024-11-04,,0
POL-00018,CUST-00013,HOME,EXPIRED,2025-02-19,2026-02-19,38544.67,7510.02,288887.52,2025-02-05,,1
POL-00019,CUST-00014,AUTO,ACTIVE,2025-05-03,2026-05-03,47575.91,4306.11,242956.84,2025-04-16,,5
POL-00020,CUST-00015,AUTO,ACTIVE,2025-04-11,2026-04-11,16204.16,4745.09,54356.52,2025-03-26,,14
POL-00021,CUST-00016,AUTO,ACTIVE,2024-09-13,2025-09-13,42430.51,1967.36,60457.93,2024-08-28,,14
POL-00022,CUST-00017,AUTO,ACTIVE,2024-08-26,2025-08-26,28210.02,4910.77,141892.08,2024-08-07,,11
POL-00023,CUST-00018,AUTO,ACTIVE,2025-01-11,2026-01-11,37780.6,1271.41,353698.49,2025-01-02,,3
POL-00024,CUST-00018,RENTERS,EXPIRED,2024-10-08,2025-10-08,3065.82,670.06,25559.28,2024-10-01,,3
POL-00025,CUST-00019,HOME,ACTIVE,2024-09-23,2025-09-23,12099.38,2546.43,873736.61,2024-09-16,,9
POL-00026,CUST-00020,AUTO,ACTIVE,2025-03-02,2026-03-02,34130.05,4417.02,189390.73,2025-02-19,,5
POL-00027,CUST-00020,HOME,PENDING_RENEWAL,2024-08-25,2025-08-25,34536.88,3478.97,106698.98,2025-02-28,,5
POL-00028,CUST-00021,AUTO,CANCELLED,2024-10-07,2025-10-07,36034.26,3092.6,381780.82,2024-09-16,2025-05-31,1
POL-00029,CUST-00021,HOME,EXPIRED,2024-10-25,2025-10-25,18637.35,7302.85,740483.14,2024-10-07,,1
POL-00030,CUST-00022,AUTO,EXPIRED,2024-11-06,2025-11-06,24965.39,2230.99,346586.02,2024-10-16,,5
POL-00031,CUST-00023,AUTO,ACTIVE,2023-09-28,2024-09-27,50421.67,2919.82,349995.62,2023-09-01,,0
POL-00032,CUST-00023,HOME,PENDING_RENEWAL,2024-08-20,2025-08-20,12002.32,7798.57,553955.36,2023-09-16,,0
POL-00033,CUST-00024,AUTO,ACTIVE,2024-10-22,2025-10-22,16785.41,2046.46,229703.83,2024-10-03,,12
POL-00034,CUST-00025,AUTO,PENDING_RENEWAL,2024-08-18,2025-08-18,20459.22,1131.15,419192.01,2024-09-29,,10
POL-00035,CUST-00025,HOME,ACTIVE,2025-06-06,2026-06-06,35246.88,1904.64,364730.19,2025-05-11,,10
POL-00036,CUST-00026,AUTO,ACTIVE,2025-02-18,2026-02-18,42095.33,1475.03,65500.18,2025-02-06,,0
POL-00037,CUST-00026,HOME,ACTIVE,2025-03-12,2026-03-12,30251.32,8528.51,830360.64,2025-03-04,,0
POL-00038,CUST-00026,UMBRELLA,PENDING_RENEWAL,2024-08-13,2025-08-13,7487.09,0,2198279.89,2025-03-15,,0
POL-00039,CUST-00027,AUTO,ACTIVE,2024-12-04,2025-12-04,15641.54,4192.37,355981.79,2024-11-17,,0
POL-00040,CUST-00027,HOME,CANCELLED,2024-12-10,2025-12-10,11895.14,7516.1,139611.26,2024-11-12,2025-01-21,0
POL-00041,CUST-00028,AUTO,CANCELLED,2024-11-25,2025-11-25,39986.93,1545.84,97648.39,2024-11-05,2024-12-25,1
POL-00042,CUST-00029,AUTO,ACTIVE,2025-01-24,2026-01-24,23510.72,3307.59,69772.52,2024-12-28,,14
POL-00043,CUST-00029,HOME,ACTIVE,2024-10-03,2025-10-03,36563.8,7412.78,812133.8,2024-09-23,,14
POL-00044,CUST-00030,RENTERS,ACTIVE,2024-11-29,2025-11-29,3946.13,2330.25,81712.51,2024-11-01,,16
POL-00045,CUST-00031,AUTO,PENDING_RENEWAL,2024-07-21,2025-07-21,54120.86,1545.91,314360.85,2025-04-25,,4
POL-00046,CUST-00031,HOME,ACTIVE,2025-04-13,2026-04-13,39651.43,3127.57,485648.08,2025-03-28,,4
POL-00047,CUST-00032,AUTO,ACTIVE,2025-05-27,2026-05-27,23080.47,4655.34,319133.83,2025-05-13,,4
POL-00048,CUST-00032,HOME,PENDING_RENEWAL,2024-08-06,2025-08-06,38376.29,4734.04,831439.49,2024-12-18,,4
POL-00049,CUST-00033,HOME,ACTIVE,2024-11-25,2025-11-25,16174.52,9895.39,821306.63,2024-10-28,,0
POL-00050,CUST-00034,AUTO,ACTIVE,2025-05-13,2026-05-13,22341.82,814.93,136609.45,2025-04-21,,1
POL-00051,CUST-00034,HOME,ACTIVE,2025-03-03,2026-03-03,29031.01,1825.83,633367.59,2025-02-20,,1
POL-00052,CUST-00035,RENTERS,ACTIVE,2025-01-15,2026-01-15,6349.93,801.08,34114.84,2025-01-02,,0
POL-00053,CUST-00036,AUTO,PENDING_RENEWAL,2024-08-14,2025-08-14,25874.43,2450.44,120145.31,2025-03-06,,0
POL-00054,CUST-00036,HOME,ACTIVE,2025-05-06,2026-05-06,38612.73,4846.58,174909.57,2025-04-17,,0
POL-00055,CUST-00037,HOME,ACTIVE,2025-01-12,2026-01-12,15270.98,3549.03,605927.89,2024-12-22,,0
POL-00056,CUST-00038,AUTO,ACTIVE,2024-10-02,2025-10-02,51645.28,3764.05,271154.17,2024-09-02,,13
POL-00057,CUST-00038,HOME,CANCELLED,2024-12-06,2025-12-06,37770.73,3770.3,988769.86,2024-11-17,2025-04-10,13
POL-00058,CUST-00039,AUTO,ACTIVE,2024-11-04,2025-11-04,52285.18,3970.72,388209.83,2024-10-20,,6
POL-00059,CUST-00039,RENTERS,PENDING_RENEWAL,2024-07-23,2025-07-23,4091.47,327.64,85050.11,2024-11-10,,6
POL-00060,CUST-00040,AUTO,ACTIVE,2025-04-01,2026-04-01,25453.23,1613.37,310253.81,2025-03-17,,11
POL-00061,CUST-00041,AUTO,ACTIVE,2024-08-19,2025-08-19,43464.38,2833.42,134970.46,2024-08-10,,1
POL-00062,CUST-00041,HOME,EXPIRED,2025-02-06,2026-02-06,22688.35,3719.98,970915.09,2025-01-08,,1
POL-00063,CUST-00042,AUTO,PENDING_RENEWAL,2024-08-29,2025-08-29,50056.02,1442.86,386730.61,2025-04-21,,14
POL-00064,CUST-00042,HOME,ACTIVE,2025-03-21,2026-03-21,30970.27,1014.21,162857.35,2025-02-27,,14
POL-00065,CUST-00043,AUTO,ACTIVE,2025-04-08,2026-04-08,21825.37,2689.12,276176.19,2025-03-26,,15
POL-00066,CUST-00044,AUTO,EXPIRED,2025-03-09,2026-03-09,44996.63,4923.26,442227.0,2025-02-22,,3
POL-00067,CUST-00045,AUTO,ACTIVE,2025-04-13,2026-04-13,18192.39,789.18,63349.99,2025-03-29,,5
POL-00068,CUST-00046,AUTO,CANCELLED,2024-02-29,2025-02-28,25643.23,935.79,285050.54,2024-02-04,2024-03-21,0
POL-00069,CUST-00046,RENTERS,ACTIVE,2024-03-06,2025-03-06,2043.57,2347.29,57858.54,2024-02-20,,0
POL-00070,CUST-00047,AUTO,EXPIRED,2024-12-13,2025-12-13,54977.81,2293.12,324864.08,2024-11-15,,6
POL-00071,CUST-00048,RENTERS,ACTIVE,2025-04-05,2026-04-05,7223.25,1604.3,89520.42,2025-03-29,,5
POL-00072,CUST-00049,AUTO,PENDING_RENEWAL,2024-08-15,2025-08-15,39734.07,1949.83,335199.79,2024-07-10,,0
POL-00073,CUST-00050,AUTO,ACTIVE,2025-05-05,2026-05-05,24342.35,2425.62,469167.56,2025-04-17,,1
POL-00074,CUST-00051,AUTO,ACTIVE,2025-03-08,2026-03-08,44371.11,1144.23,284024.49,2025-02-07,,4
POL-00075,CUST-00052,AUTO,ACTIVE,2024-09-08,2025-09-08,46872.83,1256.24,250829.02,2024-08-18,,9
POL-00076,CUST-00052,RENTERS,PENDING_RENEWAL,2024-08-02,2025-08-02,2694.07,2485.06,22337.74,2025-01-29,,9
POL-00077,CUST-00053,HOME,PENDING_RENEWAL,2024-07-28,2025-07-28,31575.25,3995.21,301425.6,2025-03-16,,10
POL-00078,CUST-00054,AUTO,PENDING_RENEWAL,2024-08-30,2025-08-30,51406.69,1665.92,180939.43,2024-11-05,,4
POL-00079,CUST-00054,UMBRELLA,ACTIVE,2025-03-11,2026-03-11,3779.68,0,4739034.54,2025-02-09,,4
POL-00080,CUST-00055,AUTO,ACTIVE,2024-09-14,2025-09-14,44476.72,4312.03,490932.27,2024-09-01,,5
POL-00081,CUST-00055,HOME,ACTIVE,2025-04-12,2026-04-12,19589.29,6973.68,631698.38,2025-03-20,,5
POL-00082,CUST-00056,AUTO,ACTIVE,2025-02-23,2026-02-23,47645.92,3559.91,116341.41,2025-02-01,,5
POL-00083,CUST-00056,HOME,PENDING_RENEWAL,2024-08-09,2025-08-09,18501.78,7358.7,530454.47,2025-05-03,,5
POL-00084,CUST-00057,AUTO,ACTIVE,2024-06-20,2025-06-20,54245.71,1447.76,379696.15,2024-05-22,,0
POL-00085,CUST-00058,UMBRELLA,ACTIVE,2023-11-25,2024-11-24,4253.14,0,4929752.94,2023-11-09,,0
POL-00086,CUST-00059,AUTO,PENDING_RENEWAL,2024-08-14,2025-08-14,28496.41,3654.99,296604.51,2024-11-30,,2
POL-00087,CUST-00060,AUTO,CANCELLED,2025-01-11,2026-01-11,17164.93,1236.63,111902.43,2024-12-21,2025-06-27,4
POL-00088,CUST-00060,HOME,ACTIVE,2025-04-02,2026-04-02,30878.67,2963.23,773544.27,2025-03-20,,4
POL-00089,CUST-00061,HOME,CANCELLED,2025-04-01,2026-04-01,30349.53,7115.01,251400.63,2025-03-13,2025-05-25,1
POL-00090,CUST-00062,AUTO,ACTIVE,2023-08-13,2024-08-12,19693.87,2452.2,116855.74,2023-07-19,,0
POL-00091,CUST-00062,HOME,ACTIVE,2023-07-30,2024-07-29,31676.51,4569.8,372420.65,2023-07-16,,0
POL-00092,CUST-00063,AUTO,PENDING_RENEWAL,2024-09-13,2025-09-13,54646.56,552.21,102482.44,2024-06-10,,0
POL-00093,CUST-00063,HOME,ACTIVE,2024-08-23,2025-08-23,13661.55,3024.42,628165.44,2024-07-31,,0
POL-00094,CUST-00064,RENTERS,ACTIVE,2024-11-05,2025-11-05,5557.27,1535.7,27955.3,2024-10-20,,7
POL-00095,CUST-00065,AUTO,ACTIVE,2024-06-01,2025-06-01,47514.72,4025.64,288539.45,2024-05-08,,0
POL-00096,CUST-00066,AUTO,PENDING_RENEWAL,2024-07-27,2025-07-27,41068.03,4102.31,105370.39,2025-02-01,,4
POL-00097,CUST-00067,AUTO,ACTIVE,2024-07-23,2025-07-23,49058.0,1843.6,484824.27,2024-06-30,,0
POL-00098,CUST-00067,HOME,CANCELLED,2024-08-27,2025-08-27,15148.1,3705.4,951593.15,2024-08-20,2025-01-01,0
POL-00099,CUST-00068,AUTO,PENDING_RENEWAL,2024-08-27,2025-08-27,38082.86,1566.95,134633.14,2023-09-15,,0
POL-00100,CUST-00069,AUTO,ACTIVE,2025-04-11,2026-04-11,23641.6,3300.41,83461.85,2025-03-12,,13
POL-00101,CUST-00070,AUTO,ACTIVE,2024-10-27,2025-10-27,18330.16,1144.6,141693.3,2024-09-28,,0
POL-00102,CUST-00070,HOME,ACTIVE,2024-11-09,2025-11-09,28887.05,6810.14,743000.47,2024-10-11,,0
POL-00103,CUST-00071,AUTO,ACTIVE,2024-11-05,2025-11-05,47862.71,616.59,321623.26,2024-10-17,,12
POL-00104,CUST-00072,AUTO,ACTIVE,2024-12-12,2025-12-12,17638.37,4001.32,115848.33,2024-11-25,,5
POL-00105,CUST-00072,HOME,ACTIVE,2025-04-26,2026-04-26,33942.92,9815.37,300003.01,2025-04-07,,5
POL-00106,CUST-00073,AUTO,ACTIVE,2024-10-08,2025-10-08,50020.48,2880.32,365204.99,2024-09-28,,1
POL-00107,CUST-00074,AUTO,CANCELLED,2025-02-25,2026-02-25,21829.9,4127.38,355015.35,2025-02-13,2025-05-24,0
POL-00108,CUST-00075,AUTO,ACTIVE,2024-09-26,2025-09-26,38692.4,1199.71,106865.76,2024-08-28,,4
POL-00109,CUST-00076,AUTO,PENDING_RENEWAL,2024-08-27,2025-08-27,53979.99,2609.0,179068.85,2024-12-08,,0
POL-00110,CUST-00076,UMBRELLA,ACTIVE,2025-02-04,2026-02-04,9668.31,0,1873343.44,2025-01-21,,0
POL-00111,CUST-00077,AUTO,ACTIVE,2024-06-17,2025-06-17,18605.62,4751.9,124300.91,2024-06-03,,0
POL-00112,CUST-00078,AUTO,CANCELLED,2024-11-10,2025-11-10,49974.12,4695.99,111392.77,2024-10-13,2025-03-20,6
POL-00113,CUST-00079,AUTO,ACTIVE,2025-03-10,2026-03-10,19987.66,532.81,241240.51,2025-02-08,,6
POL-00114,CUST-00080,AUTO,CANCELLED,2024-09-18,2025-09-18,51818.36,3233.18,484091.32,2024-08-21,2024-10-09,1
POL-00115,CUST-00080,HOME,EXPIRED,2024-09-20,2025-09-20,30235.67,2573.33,430345.84,2024-09-06,,1
POL-00116,CUST-00081,AUTO,CANCELLED,2024-12-24,2025-12-24,21819.36,4242.77,432849.67,2024-11-26,2025-02-25,5
POL-00117,CUST-00081,HOME,ACTIVE,2024-10-11,2025-10-11,35734.18,3382.76,102010.88,2024-09-25,,5
POL-00118,CUST-00081,UMBRELLA,ACTIVE,2025-01-10,2026-01-10,7418.24,0,2819880.56,2024-12-14,,5
POL-00119,CUST-00082,AUTO,ACTIVE,2024-10-23,2025-10-23,17299.87,1842.58,98223.82,2024-10-06,,6
POL-00120,CUST-00083,AUTO,ACTIVE,2024-09-18,2025-09-18,32232.15,4543.29,234823.57,2024-08-26,,17
POL-00121,CUST-00083,RENTERS,ACTIVE,2025-02-07,2026-02-07,7478.65,1309.07,49944.76,2025-01-24,,17
POL-00122,CUST-00084,AUTO,PENDING_RENEWAL,2024-07-28,2025-07-28,54574.77,1393.09,135305.18,2024-10-22,,12
POL-00123,CUST-00085,AUTO,ACTIVE,2024-10-13,2025-10-13,21412.5,4923.18,103456.54,2024-09-15,,1
POL-00124,CUST-00085,HOME,ACTIVE,2025-04-11,2026-04-11,24672.04,7759.81,802303.75,2025-03-25,,1
POL-00125,CUST-00086,AUTO,CANCELLED,2025-06-05,2026-06-05,20256.71,2048.54,56142.03,2025-05-25,2025-06-14,5
POL-00126,CUST-00087,AUTO,ACTIVE,2024-05-31,2025-05-31,38883.47,1770.01,87176.7,2024-05-15,,0
POL-00127,CUST-00087,HOME,ACTIVE,2024-06-16,2025-06-16,22868.56,2681.74,353024.95,2024-05-24,,0
POL-00128,CUST-00088,AUTO,ACTIVE,2025-04-24,2026-04-24,32166.36,3787.06,324995.2,2025-03-26,,15
POL-00129,CUST-00088,HOME,EXPIRED,2025-03-31,2026-03-31,15660.07,2084.15,461154.84,2025-03-17,,15
POL-00130,CUST-00089,AUTO,EXPIRED,2024-12-03,2025-12-03,22985.74,2862.37,365071.49,2024-11-13,,1
POL-00131,CUST-00089,HOME,ACTIVE,2024-11-09,2025-11-09,39403.73,1552.15,484365.55,2024-10-18,,1
POL-00132,CUST-00090,AUTO,ACTIVE,2025-05-22,2026-05-22,43463.42,684.0,73458.79,2025-05-10,,14
POL-00133,CUST-00090,HOME,ACTIVE,2024-10-17,2025-10-17,32342.64,9176.34,190685.53,2024-10-02,,14
POL-00134,CUST-00091,AUTO,ACTIVE,2024-09-06,2025-09-06,18875.49,1990.45,383581.45,2024-08-26,,8
POL-00135,CUST-00092,AUTO,ACTIVE,2024-12-01,2025-12-01,41009.93,4492.37,108718.43,2024-11-22,,7
POL-00136,CUST-00093,HOME,ACTIVE,2024-10-30,2025-10-30,29630.65,1673.92,591921.12,2024-10-20,,7
POL-00137,CUST-00094,AUTO,ACTIVE,2025-03-09,2026-03-09,43830.78,2977.23,163636.48,2025-02-17,,9
POL-00138,CUST-00095,AUTO,ACTIVE,2025-04-16,2026-04-16,50796.52,804.69,238551.87,2025-03-27,,2
POL-00139,CUST-00096,UMBRELLA,ACTIVE,2025-05-23,2026-05-23,7876.94,0,773570.26,2025-04-28,,3
POL-00140,CUST-00097,HOME,ACTIVE,2025-05-08,2026-05-08,25974.1,4939.7,558350.53,2025-04-26,,16
POL-00141,CUST-00098,AUTO,ACTIVE,2024-07-19,2025-07-19,15144.02,539.88,467882.29,2024-06-20,,0
POL-00142,CUST-00098,HOME,ACTIVE,2024-07-28,2025-07-28,25383.87,3329.51,867227.57,2024-07-05,,0
POL-00143,CUST-00099,AUTO,ACTIVE,2025-04-01,2026-04-01,36342.63,4672.62,171695.68,2025-03-17,,4
POL-00144,CUST-00099,HOME,ACTIVE,2025-02-08,2026-02-08,33718.64,5811.35,101259.97,2025-01-26,,4
POL-00145,CUST-00100,AUTO,ACTIVE,2024-06-28,2025-06-28,43218.47,2337.54,325166.92,2024-06-17,,0
POL-00146,CUST-00100,RENTERS,ACTIVE,2024-07-04,2025-07-04,3947.81,2103.85,37542.37,2024-06-27,,0
POL-00147,CUST-00101,HOME,PENDING_RENEWAL,2024-07-26,2025-07-26,39362.87,6636.07,643907.52,2025-03-31,,0
POL-00148,CUST-00102,AUTO,EXPIRED,2024-11-25,2025-11-25,40192.03,2507.25,378415.36,2024-11-14,,5
POL-00149,CUST-00103,AUTO,EXPIRED,2025-03-17,2026-03-17,33375.6,3063.46,474509.78,2025-03-04,,4
POL-00150,CUST-00103,HOME,ACTIVE,2025-01-08,2026-01-08,15412.2,8967.28,835749.28,2024-12-27,,4
POL-00151,CUST-00104,AUTO,ACTIVE,2023-09-27,2024-09-26,33200.97,3759.38,111781.08,2023-09-17,,0
POL-00152,CUST-00104,HOME,ACTIVE,2023-09-08,2024-09-07,32513.33,4455.91,199031.96,2023-08-20,,0
POL-00153,CUST-00105,AUTO,ACTIVE,2025-06-09,2026-06-09,45804.71,4809.28,97852.53,2025-06-02,,2
POL-00154,CUST-00105,RENTERS,ACTIVE,2025-05-03,2026-05-03,6416.79,563.27,80773.74,2025-04-20,,2
POL-00155,CUST-00106,AUTO,ACTIVE,2025-01-30,2026-01-30,24752.35,2946.26,59543.56,2025-01-03,,6
POL-00156,CUST-00107,AUTO,ACTIVE,2024-12-19,2025-12-19,31611.39,1520.04,223422.38,2024-12-12,,0
POL-00157,CUST-00108,AUTO,PENDING_RENEWAL,2024-07-30,2025-07-30,42470.65,843.3,200176.16,2025-03-28,,3
POL-00158,CUST-00108,HOME,CANCELLED,2025-05-03,2026-05-03,20814.81,2602.61,577432.58,2025-04-25,2025-05-22,3
POL-00159,CUST-00109,AUTO,EXPIRED,2024-12-19,2025-12-19,27062.55,1719.92,274662.85,2024-12-09,,8
POL-00160,CUST-00110,AUTO,EXPIRED,2024-07-03,2025-07-03,46554.25,1159.65,116501.08,2024-06-06,,0
POL-00161,CUST-00110,HOME,PENDING_RENEWAL,2024-07-27,2025-07-27,23400.86,9952.95,263685.1,2024-07-15,,0
POL-00162,CUST-00111,AUTO,PENDING_RENEWAL,2024-09-09,2025-09-09,31557.77,2924.36,271670.63,2024-12-16,,1
POL-00163,CUST-00111,HOME,ACTIVE,2025-05-04,2026-05-04,26086.38,7434.29,574251.35,2025-04-09,,1
POL-00164,CUST-00112,RENTERS,ACTIVE,2025-06-07,2026-06-07,4170.26,1506.34,96609.26,2025-05-20,,4
POL-00165,CUST-00113,HOME,EXPIRED,2025-01-16,2026-01-16,36003.18,2297.26,867980.99,2024-12-26,,13
POL-00166,CUST-00114,AUTO,ACTIVE,2025-04-03,2026-04-03,17234.63,3798.87,363255.14,2025-03-15,,9
POL-00167,CUST-00115,AUTO,ACTIVE,2025-03-27,2026-03-27,34073.06,1160.99,113574.87,2025-03-20,,15
POL-00168,CUST-00115,HOME,ACTIVE,2024-11-14,2025-11-14,17351.37,7888.76,522788.26,2024-11-03,,15
POL-00169,CUST-00116,AUTO,ACTIVE,2025-05-18,2026-05-18,43902.3,559.44,100070.0,2025-04-19,,0
POL-00170,CUST-00117,AUTO,ACTIVE,2024-11-11,2025-11-11,21413.95,4767.09,254433.43,2024-10-14,,2
POL-00171,CUST-00118,HOME,CANCELLED,2025-01-27,2026-01-27,16819.45,4398.04,955965.73,2025-01-18,2025-06-09,4
POL-00172,CUST-00119,UMBRELLA,CANCELLED,2025-05-07,2026-05-07,8757.53,0,2648373.19,2025-04-08,2025-07-05,2
POL-00173,CUST-00120,AUTO,ACTIVE,2023-08-05,2024-08-04,29859.13,969.8,213215.73,2023-07-26,,0
POL-00174,CUST-00120,RENTERS,ACTIVE,2023-08-03,2024-08-02,6672.78,616.21,28517.16,2023-07-18,,0
POL-00175,CUST-00121,AUTO,CANCELLED,2025-03-02,2026-03-02,23069.04,4894.98,304158.57,2025-02-15,2025-03-23,0
POL-00176,CUST-00121,HOME,PENDING_RENEWAL,2024-08-09,2025-08-09,26912.18,9628.65,550194.47,2025-02-09,,0
POL-00177,CUST-00122,AUTO,ACTIVE,2024-10-01,2025-10-01,41987.46,2759.8,398777.08,2024-09-21,,12
POL-00178,CUST-00122,HOME,PENDING_RENEWAL,2024-09-13,2025-09-13,10710.56,8966.83,183961.78,2024-09-19,,12
POL-00179,CUST-00123,AUTO,ACTIVE,2024-06-01,2025-06-01,45753.03,4965.25,323932.52,2024-05-09,,0
POL-00180,CUST-00124,AUTO,ACTIVE,2024-11-07,2025-11-07,26633.66,4508.06,398378.75,2024-10-30,,1
POL-00181,CUST-00124,RENTERS,ACTIVE,2025-05-08,2026-05-08,4325.81,1525.53,99552.36,2025-04-27,,1
POL-00182,CUST-00125,AUTO,PENDING_RENEWAL,2024-08-20,2025-08-20,49701.35,1760.53,213497.72,2025-02-26,,0
POL-00183,CUST-00125,HOME,ACTIVE,2025-02-27,2026-02-27,12676.88,3321.5,525934.86,2025-02-06,,0
POL-00184,CUST-00126,AUTO,ACTIVE,2024-05-19,2025-05-19,19958.65,4365.51,230422.65,2024-05-01,,0
POL-00185,CUST-00126,RENTERS,CANCELLED,2024-05-25,2025-05-25,7142.01,1403.08,69970.55,2024-05-04,2024-11-28,0
POL-00186,CUST-00127,AUTO,CANCELLED,2024-03-03,2025-03-03,50096.34,756.76,405765.79,2024-02-06,2025-01-26,0
POL-00187,CUST-00127,HOME,ACTIVE,2024-03-10,2025-03-10,30992.36,3615.95,242385.22,2024-02-29,,0
POL-00188,CUST-00128,AUTO,ACTIVE,2024-09-15,2025-09-15,18740.12,991.04,131123.01,2024-08-25,,6
POL-00189,CUST-00128,HOME,CANCELLED,2024-11-24,2025-11-24,13250.45,4613.68,158024.38,2024-11-04,2025-01-14,6
POL-00190,CUST-00129,AUTO,ACTIVE,2024-09-09,2025-09-09,19573.06,4768.4,115481.21,2024-08-29,,17
POL-00191,CUST-00130,AUTO,EXPIRED,2024-08-03,2025-08-03,17496.01,4903.52,146039.37,2024-07-14,,0
POL-00192,CUST-00131,AUTO,ACTIVE,2025-04-04,2026-04-04,25082.85,1732.57,86769.1,2025-03-26,,12
POL-00193,CUST-00131,HOME,ACTIVE,2024-11-13,2025-11-13,36213.28,2926.94,903766.05,2024-10-21,,12
POL-00194,CUST-00132,AUTO,ACTIVE,2025-03-06,2026-03-06,53534.63,4738.74,266731.36,2025-02-16,,8
POL-00195,CUST-00132,HOME,PENDING_RENEWAL,2024-09-02,2025-09-02,26065.19,2787.04,750451.31,2024-10-17,,8
POL-00196,CUST-00133,AUTO,EXPIRED,2025-01-04,2026-01-04,44374.26,1177.28,256396.58,2024-12-28,,4
POL-00197,CUST-00133,HOME,EXPIRED,2025-04-18,2026-04-18,14424.6,4657.48,568622.53,2025-03-21,,4
POL-00198,CUST-00134,AUTO,CANCELLED,2024-07-07,2025-07-07,32973.15,3855.68,134445.62,2024-06-29,2024-10-26,0
POL-00199,CUST-00134,RENTERS,PENDING_RENEWAL,2024-08-02,2025-08-02,6178.68,282.33,85102.35,2024-07-20,,0
POL-00200,CUST-00135,AUTO,ACTIVE,2024-10-25,2025-10-25,42972.69,2346.74,208495.05,2024-10-05,,5
POL-00201,CUST-00136,AUTO,ACTIVE,2024-12-18,2025-12-18,22032.55,3177.01,294243.3,2024-11-24,,0
POL-00202,CUST-00136,RENTERS,EXPIRED,2025-01-20,2026-01-20,4289.38,1234.36,42659.87,2024-12-23,,0
POL-00203,CUST-00137,AUTO,ACTIVE,2025-06-07,2026-06-07,47237.59,4696.24,96653.89,2025-05-12,,6
POL-00204,CUST-00138,AUTO,EXPIRED,2025-01-18,2026-01-18,35134.46,1453.42,399596.11,2024-12-29,,1
POL-00205,CUST-00139,AUTO,PENDING_RENEWAL,2024-09-10,2025-09-10,29024.55,4019.88,278402.37,2024-11-04,,0
POL-00206,CUST-00139,HOME,PENDING_RENEWAL,2024-09-01,2025-09-01,18028.27,2380.38,436965.17,2024-10-25,,0
POL-00207,CUST-00140,AUTO,CANCELLED,2025-02-12,2026-02-12,53366.42,1366.97,339995.46,2025-01-19,2025-05-23,1
POL-00208,CUST-00141,RENTERS,CANCELLED,2025-03-19,2026-03-19,5817.64,965.78,32675.49,2025-02-28,2025-07-12,14
POL-00209,CUST-00142,AUTO,ACTIVE,2025-02-02,2026-02-02,38077.35,1215.74,195082.08,2025-01-09,,6
POL-00210,CUST-00142,RENTERS,ACTIVE,2025-06-10,2026-06-10,2559.53,1982.57,32243.89,2025-05-14,,6
POL-00211,CUST-00143,AUTO,PENDING_RENEWAL,2024-08-29,2025-08-29,16011.6,1372.23,428205.56,2024-09-29,,5
POL-00212,CUST-00144,AUTO,ACTIVE,2025-04-03,2026-04-03,17069.95,604.13,493159.03,2025-03-07,,3
POL-00213,CUST-00145,HOME,ACTIVE,2025-03-15,2026-03-15,14255.06,1696.43,860161.25,2025-03-06,,13
POL-00214,CUST-00146,HOME,ACTIVE,2024-09-27,2025-09-27,22412.35,2892.66,477916.41,2024-09-18,,0
POL-00215,CUST-00147,AUTO,CANCELLED,2025-02-23,2026-02-23,26950.2,1027.43,204264.7,2025-01-29,2025-03-03,0
POL-00216,CUST-00148,AUTO,ACTIVE,2024-12-19,2025-12-19,35869.94,3227.5,291179.38,2024-12-06,,0
POL-00217,CUST-00148,RENTERS,PENDING_RENEWAL,2024-07-27,2025-07-27,5107.97,1806.1,30126.42,2024-12-07,,0
POL-00218,CUST-00149,AUTO,ACTIVE,2024-10-05,2025-10-05,41076.98,2806.95,229973.97,2024-09-15,,4
POL-00219,CUST-00149,HOME,ACTIVE,2025-01-23,2026-01-23,15791.63,1926.05,813837.91,2025-01-04,,4
POL-00220,CUST-00149,UMBRELLA,ACTIVE,2025-03-02,2026-03-02,7113.05,0,2695243.05,2025-01-31,,4
POL-00221,CUST-00150,AUTO,ACTIVE,2024-11-08,2025-11-08,39916.44,3052.14,218282.22,2024-10-26,,2
POL-00222,CUST-00151,AUTO,ACTIVE,2025-01-16,2026-01-16,35454.27,4220.09,340294.09,2024-12-21,,2
POL-00223,CUST-00151,HOME,ACTIVE,2025-05-31,2026-05-31,38954.36,2619.14,390413.05,2025-05-21,,2
POL-00224,CUST-00152,HOME,PENDING_RENEWAL,2024-08-09,2025-08-09,21158.93,3894.05,309383.87,2025-04-07,,6
POL-00225,CUST-00152,UMBRELLA,ACTIVE,2025-02-27,2026-02-27,3463.65,0,1478585.39,2025-02-04,,6
POL-00226,CUST-00153,AUTO,ACTIVE,2024-11-12,2025-11-12,41853.8,3902.91,193002.48,2024-10-15,,1
POL-00227,CUST-00154,AUTO,ACTIVE,2025-04-13,2026-04-13,54610.39,1270.13,197093.64,2025-03-23,,2
POL-00228,CUST-00154,HOME,ACTIVE,2025-01-21,2026-01-21,21485.73,6793.0,870492.76,2025-01-14,,2
POL-00229,CUST-00155,AUTO,EXPIRED,2025-04-13,2026-04-13,31112.43,676.04,340149.05,2025-03-21,,0
POL-00230,CUST-00156,AUTO,PENDING_RENEWAL,2024-08-24,2025-08-24,25986.94,4927.85,272001.48,2024-11-14,,6
POL-00231,CUST-00156,HOME,CANCELLED,2024-12-06,2025-12-06,29232.91,1263.59,143050.81,2024-11-10,2025-01-01,6
POL-00232,CUST-00157,AUTO,ACTIVE,2025-03-10,2026-03-10,32427.3,4560.24,215995.79,2025-02-08,,2
POL-00233,CUST-00157,HOME,CANCELLED,2025-05-20,2026-05-20,37086.42,8064.5,199723.24,2025-05-05,2025-07-15,2
POL-00234,CUST-00158,HOME,ACTIVE,2024-05-14,2025-05-14,34374.57,6251.08,207911.28,2024-05-03,,0
POL-00235,CUST-00159,AUTO,ACTIVE,2025-04-14,2026-04-14,50819.08,2874.15,310048.13,2025-03-22,,3
POL-00236,CUST-00159,HOME,CANCELLED,2025-01-02,2026-01-02,29838.07,3032.47,337430.83,2024-12-03,2025-05-05,3
POL-00237,CUST-00160,AUTO,PENDING_RENEWAL,2024-07-24,2025-07-24,41379.23,2606.68,223277.1,2025-02-01,,12
POL-00238,CUST-00160,HOME,ACTIVE,2024-09-18,2025-09-18,24629.37,8726.13,784439.16,2024-08-26,,12
POL-00239,CUST-00161,AUTO,ACTIVE,2024-11-09,2025-11-09,51565.01,4887.79,440536.45,2024-10-21,,0
POL-00240,CUST-00162,AUTO,ACTIVE,2024-08-24,2025-08-24,21567.85,959.29,257429.35,2024-07-28,,15
POL-00241,CUST-00163,AUTO,ACTIVE,2024-09-17,2025-09-17,25670.27,2083.81,103246.79,2024-08-27,,5
POL-00242,CUST-00163,HOME,ACTIVE,2025-02-27,2026-02-27,26509.13,4572.35,487763.58,2025-02-16,,5
POL-00243,CUST-00163,UMBRELLA,ACTIVE,2024-12-08,2025-12-08,5336.18,0,721104.8,2024-11-28,,5
POL-00244,CUST-00164,AUTO,ACTIVE,2024-10-06,2025-10-06,22065.8,2451.04,356522.24,2024-09-13,,1
POL-00245,CUST-00165,AUTO,ACTIVE,2025-05-13,2026-05-13,16427.52,954.64,151909.26,2025-04-19,,4
POL-00246,CUST-00165,RENTERS,PENDING_RENEWAL,2024-07-26,2025-07-26,5721.32,634.82,36286.04,2024-11-08,,4
POL-00247,CUST-00166,AUTO,CANCELLED,2024-06-18,2025-06-18,22403.15,4336.54,359571.16,2024-05-27,2024-11-21,0
POL-00248,CUST-00166,RENTERS,PENDING_RENEWAL,2024-08-10,2025-08-10,3021.4,1001.62,34201.2,2024-05-08,,0
POL-00249,CUST-00167,AUTO,CANCELLED,2024-08-21,2025-08-21,38760.21,4429.48,262655.71,2024-08-14,2025-04-28,1
POL-00250,CUST-00167,HOME,ACTIVE,2025-01-18,2026-01-18,11355.3,5727.42,250574.26,2025-01-04,,1
POL-00251,CUST-00168,AUTO,PENDING_RENEWAL,2024-08-31,2025-08-31,33104.65,3695.71,451117.59,2024-08-25,,12
POL-00252,CUST-00168,HOME,EXPIRED,2024-10-11,2025-10-11,33235.79,3429.44,567378.01,2024-10-01,,12
POL-00253,CUST-00169,AUTO,ACTIVE,2024-02-10,2025-02-09,54763.48,3099.13,363112.74,2024-01-27,,0
POL-00254,CUST-00169,HOME,ACTIVE,2024-02-14,2025-02-13,22921.62,9285.83,440000.43,2024-02-01,,0
POL-00255,CUST-00170,AUTO,CANCELLED,2024-09-19,2025-09-19,51495.62,4596.47,206980.28,2024-09-07,2025-02-01,4
POL-00256,CUST-00170,HOME,ACTIVE,2025-01-25,2026-01-25,19935.87,2715.15,621565.15,2025-01-09,,4
POL-00257,CUST-00171,AUTO,PENDING_RENEWAL,2024-07-27,2025-07-27,37666.5,1176.02,485002.16,2024-12-04,,6
POL-00258,CUST-00172,AUTO,ACTIVE,2025-05-26,2026-05-26,46991.4,1773.58,316882.23,2025-05-13,,4
POL-00259,CUST-00173,AUTO,ACTIVE,2024-05-02,2025-05-02,15025.67,4033.68,275896.96,2024-04-16,,0
POL-00260,CUST-00173,HOME,ACTIVE,2024-04-15,2025-04-15,38755.73,3436.02,996322.83,2024-03-17,,0
POL-00261,CUST-00174,AUTO,ACTIVE,2024-11-30,2025-11-30,33927.11,2296.01,456873.27,2024-11-10,,15
POL-00262,CUST-00174,UMBRELLA,CANCELLED,2025-01-07,2026-01-07,9251.24,0,2461173.22,2024-12-26,2025-05-31,15
POL-00263,CUST-00175,AUTO,ACTIVE,2025-03-05,2026-03-05,25000.82,1872.48,183800.37,2025-02-17,,16
POL-00264,CUST-00176,AUTO,ACTIVE,2024-09-19,2025-09-19,48354.09,3623.6,276716.83,2024-08-29,,15
POL-00265,CUST-00177,AUTO,ACTIVE,2024-09-02,2025-09-02,53457.88,4808.71,239413.38,2024-08-26,,4
POL-00266,CUST-00177,HOME,ACTIVE,2025-01-12,2026-01-12,32675.69,6222.9,435800.04,2024-12-29,,4
POL-00267,CUST-00178,AUTO,ACTIVE,2025-06-12,2026-06-12,48804.29,4133.66,443709.89,2025-05-22,,5
POL-00268,CUST-00178,RENTERS,ACTIVE,2025-05-18,2026-05-18,4761.32,2117.26,71990.4,2025-05-03,,5
POL-00269,CUST-00179,AUTO,ACTIVE,2024-06-05,2025-06-05,28252.3,3534.86,382713.54,2024-05-11,,0
POL-00270,CUST-00179,HOME,ACTIVE,2024-04-28,2025-04-28,11590.61,7663.82,545774.19,2024-04-04,,0
POL-00271,CUST-00180,AUTO,CANCELLED,2025-06-12,2026-06-12,27435.63,1016.19,50016.07,2025-05-21,2025-06-24,14
POL-00272,CUST-00181,AUTO,EXPIRED,2024-10-31,2025-10-31,33949.7,750.44,104815.14,2024-10-12,,2
POL-00273,CUST-00181,HOME,CANCELLED,2025-02-15,2026-02-15,22136.72,8395.18,713188.4,2025-01-22,2025-04-22,2
POL-00274,CUST-00181,UMBRELLA,ACTIVE,2024-11-06,2025-11-06,9015.2,0,3362887.24,2024-10-26,,2
POL-00275,CUST-00182,AUTO,ACTIVE,2024-12-30,2025-12-30,44666.59,1805.16,350390.99,2024-12-08,,0
POL-00276,CUST-00183,AUTO,ACTIVE,2023-11-06,2024-11-05,42906.11,1166.75,177540.0,2023-10-17,,0
POL-00277,CUST-00184,AUTO,PENDING_RENEWAL,2024-08-11,2025-08-11,41016.89,4917.89,210986.45,2024-03-17,,0
POL-00278,CUST-00184,HOME,ACTIVE,2024-03-19,2025-03-19,35675.19,5725.5,561740.64,2024-02-19,,0
POL-00279,CUST-00185,AUTO,EXPIRED,2025-04-05,2026-04-05,33379.27,4032.32,346299.78,2025-03-21,,15
POL-00280,CUST-00185,HOME,ACTIVE,2024-10-11,2025-10-11,37704.31,9663.0,645257.62,2024-09-22,,15
POL-00281,CUST-00186,AUTO,PENDING_RENEWAL,2024-08-26,2025-08-26,25369.04,1216.31,93443.2,2024-08-04,,2
POL-00282,CUST-00187,AUTO,EXPIRED,2025-02-14,2026-02-14,54253.14,4549.07,128299.08,2025-02-04,,4
POL-00283,CUST-00188,RENTERS,ACTIVE,2025-05-09,2026-05-09,5671.42,1967.54,68522.66,2025-04-18,,2
POL-00284,CUST-00189,AUTO,CANCELLED,2024-08-26,2025-08-26,30105.16,1380.73,270996.36,2024-08-02,2024-12-06,1
POL-00285,CUST-00190,AUTO,PENDING_RENEWAL,2024-07-21,2025-07-21,36141.18,4519.81,211802.45,2025-04-07,,1
POL-00286,CUST-00190,HOME,ACTIVE,2025-05-10,2026-05-10,22240.82,2667.74,756979.4,2025-04-23,,1
POL-00287,CUST-00191,AUTO,ACTIVE,2024-12-17,2025-12-17,37814.8,3283.15,301413.79,2024-11-29,,3
POL-00288,CUST-00192,AUTO,ACTIVE,2024-04-12,2025-04-12,17834.7,1842.02,103067.37,2024-03-20,,0
POL-00289,CUST-00192,HOME,ACTIVE,2024-03-14,2025-03-14,16917.21,3016.19,946555.77,2024-03-07,,0
POL-00290,CUST-00193,HOME,CANCELLED,2025-05-08,2026-05-08,36144.2,8678.76,938628.14,2025-04-14,2025-06-07,3
POL-00291,CUST-00194,AUTO,ACTIVE,2024-02-23,2025-02-22,19434.98,3439.54,64523.63,2024-02-08,,0
POL-00292,CUST-00194,HOME,ACTIVE,2024-02-21,2025-02-20,22642.17,2253.6,592378.61,2024-02-13,,0
POL-00293,CUST-00194,UMBRELLA,CANCELLED,2024-02-07,2025-02-06,8137.11,0,2720998.01,2024-01-30,2024-06-06,0
POL-00294,CUST-00195,AUTO,ACTIVE,2025-05-10,2026-05-10,47299.5,3191.66,325594.69,2025-04-20,,6
POL-00295,CUST-00196,AUTO,ACTIVE,2024-10-10,2025-10-10,16669.64,3426.52,244182.0,2024-09-26,,0
POL-00296,CUST-00197,AUTO,PENDING_RENEWAL,2024-08-27,2025-08-27,17214.26,734.63,394556.68,2025-02-11,,6
POL-00297,CUST-00197,RENTERS,ACTIVE,2024-11-09,2025-11-09,6172.64,559.98,55036.23,2024-10-16,,6
POL-00298,CUST-00198,AUTO,ACTIVE,2025-02-17,2026-02-17,32460.99,3148.78,152206.65,2025-02-08,,13
POL-00299,CUST-00199,AUTO,ACTIVE,2025-02-08,2026-02-08,54637.55,844.75,107022.15,2025-01-31,,13
POL-00300,CUST-00200,AUTO,ACTIVE,2024-11-24,2025-11-24,24769.77,3459.12,345465.63,2024-11-02,,5
POL-00301,CUST-00200,HOME,CANCELLED,2025-03-02,2026-03-02,12291.34,9078.76,872884.14,2025-02-08,2025-06-01,5
POL-00302,CUST-00201,AUTO,ACTIVE,2024-04-01,2025-04-01,49758.84,1934.87,293638.63,2024-03-17,,0
POL-00303,CUST-00201,HOME,ACTIVE,2024-03-01,2025-03-01,13131.35,9555.07,537586.93,2024-02-01,,0
POL-00304,CUST-00202,AUTO,ACTIVE,2025-04-14,2026-04-14,27197.57,3762.1,404573.03,2025-03-27,,2
POL-00305,CUST-00203,AUTO,ACTIVE,2025-05-29,2026-05-29,53121.8,1750.85,222879.5,2025-05-14,,1
POL-00306,CUST-00203,HOME,ACTIVE,2025-01-24,2026-01-24,34815.37,4455.43,116963.63,2024-12-29,,1
POL-00307,CUST-00204,AUTO,ACTIVE,2025-01-10,2026-01-10,41397.03,2936.97,206512.04,2025-01-02,,6
POL-00308,CUST-00205,AUTO,EXPIRED,2025-02-25,2026-02-25,51297.98,2034.25,423157.75,2025-02-18,,16
POL-00309,CUST-00206,AUTO,ACTIVE,2024-12-04,2025-12-04,17284.74,4696.13,179338.31,2024-11-04,,0
POL-00310,CUST-00207,AUTO,ACTIVE,2024-11-29,2025-11-29,45760.49,3855.35,466097.51,2024-11-08,,0
POL-00311,CUST-00208,AUTO,ACTIVE,2024-09-11,2025-09-11,18421.47,2018.9,227570.54,2024-08-26,,4
POL-00312,CUST-00208,HOME,ACTIVE,2025-02-07,2026-02-07,28466.42,8292.34,647199.26,2025-01-11,,4
POL-00313,CUST-00209,AUTO,ACTIVE,2024-06-12,2025-06-12,22151.38,2598.98,484648.47,2024-06-05,,0
POL-00314,CUST-00210,AUTO,ACTIVE,2024-09-06,2025-09-06,52553.37,4789.82,248197.78,2024-08-20,,1
POL-00315,CUST-00210,RENTERS,PENDING_RENEWAL,2024-07-28,2025-07-28,3548.04,773.51,72368.07,2025-01-12,,1
POL-00316,CUST-00211,AUTO,ACTIVE,2025-02-03,2026-02-03,37136.31,572.53,430218.91,2025-01-19,,3
POL-00317,CUST-00212,UMBRELLA,ACTIVE,2024-04-13,2025-04-13,3764.14,0,848526.01,2024-03-21,,0
POL-00318,CUST-00213,AUTO,ACTIVE,2025-01-22,2026-01-22,17855.73,611.13,323135.03,2025-01-11,,2
POL-00319,CUST-00214,AUTO,ACTIVE,2025-05-31,2026-05-31,52699.18,2157.36,180892.68,2025-05-19,,6
POL-00320,CUST-00215,AUTO,PENDING_RENEWAL,2024-09-03,2025-09-03,27524.23,3768.17,221490.35,2024-09-03,,9
POL-00321,CUST-00216,HOME,ACTIVE,2024-08-25,2025-08-25,16737.43,5934.1,476272.11,2024-07-29,,1
POL-00322,CUST-00216,UMBRELLA,EXPIRED,2024-09-18,2025-09-18,8131.32,0,3231959.05,2024-09-10,,1
POL-00323,CUST-00217,AUTO,CANCELLED,2024-12-29,2025-12-29,38009.75,4898.64,153900.82,2024-12-15,2025-07-13,1
POL-00324,CUST-00218,AUTO,ACTIVE,2025-05-06,2026-05-06,53304.34,3022.06,84399.7,2025-04-18,,10
POL-00325,CUST-00219,AUTO,EXPIRED,2025-04-12,2026-04-12,24190.53,1602.25,459169.58,2025-03-19,,4
POL-00326,CUST-00220,AUTO,ACTIVE,2025-03-23,2026-03-23,28662.87,2772.62,116779.36,2025-03-03,,0
POL-00327,CUST-00221,AUTO,ACTIVE,2023-08-29,2024-08-28,33162.77,3944.79,370121.84,2023-08-14,,0
POL-00328,CUST-00222,AUTO,ACTIVE,2024-02-22,2025-02-21,15957.26,2817.04,288189.36,2024-02-11,,0
POL-00329,CUST-00222,HOME,ACTIVE,2024-02-26,2025-02-25,21643.42,7272.36,317291.42,2024-02-07,,0
POL-00330,CUST-00223,AUTO,ACTIVE,2025-05-23,2026-05-23,39350.3,3824.37,209730.93,2025-05-14,,18
POL-00331,CUST-00223,HOME,ACTIVE,2024-10-28,2025-10-28,23466.86,8513.24,360362.03,2024-09-28,,18
POL-00332,CUST-00224,AUTO,CANCELLED,2023-08-06,2024-08-05,51653.67,3170.99,216443.26,2023-07-26,2023-08-09,0
POL-00333,CUST-00224,HOME,ACTIVE,2023-08-29,2024-08-28,29482.14,5578.0,629272.79,2023-08-17,,0
POL-00334,CUST-00225,HOME,EXPIRED,2024-08-23,2025-08-23,26923.94,8596.59,484020.58,2024-07-31,,4
POL-00335,CUST-00226,AUTO,PENDING_RENEWAL,2024-08-22,2025-08-22,47559.49,1245.17,179529.42,2025-02-08,,11
POL-00336,CUST-00226,HOME,ACTIVE,2025-03-21,2026-03-21,24599.07,9452.84,333486.11,2025-03-05,,11
POL-00337,CUST-00227,AUTO,ACTIVE,2024-09-28,2025-09-28,18839.04,623.08,456143.59,2024-09-16,,9
POL-00338,CUST-00227,HOME,ACTIVE,2025-03-08,2026-03-08,38795.7,5395.29,840158.39,2025-03-01,,9
POL-00339,CUST-00228,AUTO,ACTIVE,2024-10-26,2025-10-26,32792.99,4630.98,372312.91,2024-10-10,,1
POL-00340,CUST-00228,HOME,ACTIVE,2024-11-06,2025-11-06,37575.51,3367.51,878052.48,2024-10-15,,1
POL-00341,CUST-00229,AUTO,PENDING_RENEWAL,2024-07-30,2025-07-30,18162.68,3996.71,368064.41,2025-04-21,,1
POL-00342,CUST-00230,AUTO,ACTIVE,2024-09-03,2025-09-03,46767.9,4269.36,331736.36,2024-08-06,,4
POL-00343,CUST-00231,AUTO,ACTIVE,2023-12-31,2024-12-30,49884.59,2615.52,268028.23,2023-12-16,,0
POL-00344,CUST-00232,AUTO,ACTIVE,2024-01-31,2025-01-30,18548.47,1463.85,245443.45,2024-01-01,,0
POL-00345,CUST-00233,AUTO,ACTIVE,2024-02-23,2025-02-22,42519.27,1556.22,206916.7,2024-01-29,,0
POL-00346,CUST-00233,RENTERS,CANCELLED,2024-03-10,2025-03-10,5182.77,2218.84,73438.06,2024-02-23,2024-07-06,0
POL-00347,CUST-00234,AUTO,ACTIVE,2025-01-26,2026-01-26,26816.69,2388.17,251227.81,2025-01-10,,0
POL-00348,CUST-00235,AUTO,ACTIVE,2024-07-20,2025-07-20,41424.51,1076.26,446977.15,2024-06-21,,0
POL-00349,CUST-00236,AUTO,ACTIVE,2025-02-25,2026-02-25,16158.5,773.61,397309.4,2025-02-05,,5
POL-00350,CUST-00237,AUTO,CANCELLED,2025-01-29,2026-01-29,30947.18,2029.29,418336.06,2025-01-07,2025-03-26,7
POL-00351,CUST-00237,HOME,ACTIVE,2024-08-26,2025-08-26,19255.32,5824.12,801596.8,2024-08-14,,7
POL-00352,CUST-00238,AUTO,CANCELLED,2025-06-05,2026-06-05,36590.69,4011.95,199979.64,2025-05-17,2025-06-10,14
POL-00353,CUST-00238,RENTERS,PENDING_RENEWAL,2024-07-23,2025-07-23,4116.2,1455.32,88777.83,2025-04-17,,14
POL-00354,CUST-00239,AUTO,PENDING_RENEWAL,2024-09-12,2025-09-12,23624.6,2682.05,120625.48,2025-06-01,,3
POL-00355,CUST-00240,AUTO,ACTIVE,2024-12-04,2025-12-04,25898.33,2303.38,418233.15,2024-11-07,,2
POL-00356,CUST-00240,HOME,EXPIRED,2025-05-07,2026-05-07,36298.65,5540.59,733140.32,2025-04-28,,2
POL-00357,CUST-00241,HOME,ACTIVE,2024-11-27,2025-11-27,37569.24,8483.25,873372.75,2024-11-14,,3
POL-00358,CUST-00242,AUTO,ACTIVE,2024-10-27,2025-10-27,33356.23,2621.3,181057.39,2024-10-02,,0
POL-00359,CUST-00243,AUTO,ACTIVE,2025-02-10,2026-02-10,51306.63,577.46,273665.7,2025-01-22,,7
POL-00360,CUST-00244,AUTO,CANCELLED,2024-11-24,2025-11-24,23962.43,2164.2,303418.97,2024-11-10,2025-03-18,6
POL-00361,CUST-00244,HOME,ACTIVE,2025-05-04,2026-05-04,29284.56,6047.97,286913.64,2025-04-24,,6
POL-00362,CUST-00245,UMBRELLA,ACTIVE,2024-04-14,2025-04-14,8866.49,0,3922617.2,2024-03-20,,0
POL-00363,CUST-00246,AUTO,ACTIVE,2024-08-30,2025-08-30,48372.94,2329.4,52507.3,2024-08-04,,6
POL-00364,CUST-00247,AUTO,PENDING_RENEWAL,2024-09-03,2025-09-03,27520.65,4645.54,241565.91,2024-10-14,,0
POL-00365,CUST-00248,AUTO,ACTIVE,2024-12-21,2025-12-21,19859.11,675.78,240882.0,2024-12-11,,0
POL-00366,CUST-00248,HOME,EXPIRED,2024-11-27,2025-11-27,15121.66,7740.94,592376.54,2024-11-16,,0
POL-00367,CUST-00248,UMBRELLA,ACTIVE,2024-11-23,2025-11-23,5795.84,0,3739743.47,2024-11-07,,0
POL-00368,CUST-00249,HOME,ACTIVE,2023-08-11,2024-08-10,26914.31,7165.21,822532.36,2023-07-19,,0
POL-00369,CUST-00250,HOME,ACTIVE,2023-12-08,2024-12-07,16318.51,9965.68,935057.48,2023-11-08,,0
POL-00370,CUST-00251,AUTO,ACTIVE,2024-02-28,2025-02-27,22169.03,3656.59,139670.44,2024-02-12,,0
POL-00371,CUST-00252,AUTO,ACTIVE,2024-04-16,2025-04-16,38778.18,4475.04,205230.85,2024-03-23,,0
POL-00372,CUST-00252,UMBRELLA,ACTIVE,2024-03-25,2025-03-25,3098.91,0,3130107.73,2024-03-05,,0
POL-00373,CUST-00253,AUTO,PENDING_RENEWAL,2024-07-29,2025-07-29,36640.68,1070.17,285043.01,2025-04-12,,2
POL-00374,CUST-00254,AUTO,CANCELLED,2024-10-16,2025-10-16,39191.01,512.02,154323.97,2024-10-03,2025-01-10,5
POL-00375,CUST-00254,HOME,CANCELLED,2025-04-01,2026-04-01,16493.3,5279.18,100222.18,2025-03-21,2025-04-22,5
POL-00376,CUST-00255,AUTO,ACTIVE,2025-01-12,2026-01-12,32016.23,3920.03,158347.8,2024-12-20,,4
POL-00377,CUST-00256,AUTO,ACTIVE,2025-05-06,2026-05-06,48545.98,4289.86,479912.06,2025-04-10,,2
POL-00378,CUST-00257,AUTO,ACTIVE,2025-02-07,2026-02-07,37419.43,1041.08,454892.96,2025-01-10,,6
POL-00379,CUST-00258,AUTO,ACTIVE,2024-02-08,2025-02-07,45829.79,3276.38,444332.68,2024-01-26,,0
POL-00380,CUST-00258,HOME,ACTIVE,2024-02-04,2025-02-03,37618.19,9398.73,995894.58,2024-01-23,,0
POL-00381,CUST-00259,AUTO,CANCELLED,2025-02-06,2026-02-06,28138.06,3230.48,65087.69,2025-01-14,2025-02-09,18
POL-00382,CUST-00259,HOME,ACTIVE,2025-05-24,2026-05-24,18248.54,7338.38,346756.45,2025-04-25,,18
POL-00383,CUST-00260,AUTO,ACTIVE,2024-10-26,2025-10-26,33832.37,1281.97,387471.2,2024-10-04,,1
POL-00384,CUST-00260,UMBRELLA,ACTIVE,2025-04-23,2026-04-23,7532.84,0,2162902.37,2025-04-15,,1
POL-00385,CUST-00261,AUTO,ACTIVE,2025-04-15,2026-04-15,49037.72,2495.2,369765.89,2025-04-07,,13
POL-00386,CUST-00262,AUTO,PENDING_RENEWAL,2024-09-12,2025-09-12,41204.21,3749.61,214815.46,2024-11-29,,12
POL-00387,CUST-00263,AUTO,ACTIVE,2024-10-02,2025-10-02,17459.34,3780.31,87785.92,2024-09-21,,4
POL-00388,CUST-00264,AUTO,PENDING_RENEWAL,2024-08-06,2025-08-06,21918.73,887.43,468622.78,2025-05-29,,2
POL-00389,CUST-00264,HOME,CANCELLED,2025-03-14,2026-03-14,12644.86,2670.93,632033.68,2025-02-12,2025-03-25,2
POL-00390,CUST-00265,AUTO,ACTIVE,2025-02-09,2026-02-09,29981.18,4267.89,339042.83,2025-01-24,,1
POL-00391,CUST-00266,HOME,PENDING_RENEWAL,2024-07-28,2025-07-28,11600.06,2793.02,981350.39,2024-05-07,,0
POL-00392,CUST-00267,AUTO,PENDING_RENEWAL,2024-09-11,2025-09-11,29544.53,2235.56,292076.95,2024-08-31,,7
POL-00393,CUST-00267,UMBRELLA,PENDING_RENEWAL,2024-09-09,2025-09-09,4474.64,0,2982250.43,2024-11-23,,7
POL-00394,CUST-00268,HOME,ACTIVE,2025-04-17,2026-04-17,16547.65,6924.99,267782.96,2025-03-25,,1
POL-00395,CUST-00269,AUTO,ACTIVE,2025-04-23,2026-04-23,38535.63,2114.98,455460.83,2025-03-27,,4
POL-00396,CUST-00270,AUTO,ACTIVE,2025-03-25,2026-03-25,22484.46,2960.5,388420.33,2025-03-04,,0
POL-00397,CUST-00271,AUTO,ACTIVE,2025-02-11,2026-02-11,44238.19,3755.18,320423.86,2025-01-27,,1
POL-00398,CUST-00272,AUTO,CANCELLED,2024-09-29,2025-09-29,24372.12,2416.52,171212.44,2024-09-19,2025-05-02,7
POL-00399,CUST-00272,UMBRELLA,ACTIVE,2025-03-24,2026-03-24,7042.42,0,1248731.3,2025-03-01,,7
POL-00400,CUST-00273,AUTO,ACTIVE,2023-12-16,2024-12-15,53059.76,3485.33,404856.24,2023-12-05,,0
POL-00401,CUST-00274,AUTO,ACTIVE,2024-10-23,2025-10-23,28844.1,3463.74,140182.94,2024-10-16,,11
POL-00402,CUST-00274,HOME,ACTIVE,2025-03-13,2026-03-13,15162.05,8719.86,492893.99,2025-02-27,,11
POL-00403,CUST-00275,HOME,ACTIVE,2024-08-17,2025-08-17,10148.34,5948.46,454642.57,2024-07-26,,0
POL-00404,CUST-00276,AUTO,CANCELLED,2024-11-29,2025-11-29,24709.68,3933.7,110086.82,2024-11-18,2025-02-18,5
POL-00405,CUST-00277,AUTO,ACTIVE,2025-05-10,2026-05-10,31983.7,2697.39,383193.1,2025-04-22,,12
POL-00406,CUST-00278,AUTO,ACTIVE,2025-06-15,2026-06-15,29765.3,3196.27,229181.34,2025-05-20,,5
POL-00407,CUST-00278,HOME,ACTIVE,2024-10-03,2025-10-03,12318.09,1398.23,371744.13,2024-09-20,,5
POL-00408,CUST-00279,AUTO,PENDING_RENEWAL,2024-08-05,2025-08-05,27443.68,4254.05,259215.22,2023-08-30,,0
POL-00409,CUST-00279,HOME,PENDING_RENEWAL,2024-09-13,2025-09-13,12479.21,5562.73,717668.78,2023-07-18,,0
POL-00410,CUST-00280,AUTO,ACTIVE,2024-03-22,2025-03-22,17180.45,1021.81,413206.29,2024-02-24,,0
POL-00411,CUST-00281,AUTO,CANCELLED,2025-04-19,2026-04-19,48766.74,2892.7,222562.32,2025-04-07,2025-06-12,1
POL-00412,CUST-00282,AUTO,ACTIVE,2024-10-26,2025-10-26,38606.12,718.45,176771.28,2024-10-06,,4
POL-00413,CUST-00282,HOME,ACTIVE,2024-12-10,2025-12-10,13646.54,9002.49,717748.87,2024-12-02,,4
POL-00414,CUST-00283,AUTO,ACTIVE,2024-12-15,2025-12-15,36709.94,578.84,196084.65,2024-11-25,,10
POL-00415,CUST-00283,HOME,ACTIVE,2024-12-15,2025-12-15,29079.48,1329.51,764812.28,2024-11-15,,10
POL-00416,CUST-00284,AUTO,ACTIVE,2025-01-26,2026-01-26,40316.8,4873.34,360046.38,2025-01-08,,5
POL-00417,CUST-00284,HOME,EXPIRED,2024-09-20,2025-09-20,17323.02,5125.78,168882.53,2024-08-26,,5
POL-00418,CUST-00284,UMBRELLA,ACTIVE,2025-04-25,2026-04-25,5609.57,0,2806845.26,2025-04-06,,5
POL-00419,CUST-00285,HOME,ACTIVE,2025-02-04,2026-02-04,22022.19,6876.06,894632.83,2025-01-05,,5
POL-00420,CUST-00286,AUTO,ACTIVE,2024-09-25,2025-09-25,25439.03,4344.1,159688.58,2024-09-01,,5
POL-00421,CUST-00287,HOME,PENDING_RENEWAL,2024-08-06,2025-08-06,23108.37,3564.21,104545.94,2025-03-11,,0
POL-00422,CUST-00288,AUTO,PENDING_RENEWAL,2024-08-03,2025-08-03,33497.65,3776.74,324192.27,2024-12-25,,3
POL-00423,CUST-00289,AUTO,ACTIVE,2024-12-22,2025-12-22,34024.12,1938.39,420182.92,2024-12-05,,2
POL-00424,CUST-00290,AUTO,ACTIVE,2024-11-21,2025-11-21,21800.54,3473.14,307090.98,2024-11-13,,5
POL-00425,CUST-00291,AUTO,ACTIVE,2024-09-02,2025-09-02,44920.44,3878.86,253174.63,2024-08-17,,0
POL-00426,CUST-00291,RENTERS,ACTIVE,2024-09-20,2025-09-20,4804.28,1654.6,65191.39,2024-09-08,,0
POL-00427,CUST-00292,AUTO,CANCELLED,2024-12-05,2025-12-05,44762.08,2202.93,476968.59,2024-11-11,2025-01-07,4
POL-00428,CUST-00293,AUTO,EXPIRED,2024-11-22,2025-11-22,26573.96,2338.32,388076.41,2024-10-29,,2
POL-00429,CUST-00293,HOME,ACTIVE,2025-01-03,2026-01-03,22545.4,6672.48,697811.12,2024-12-16,,2
POL-00430,CUST-00294,AUTO,ACTIVE,2023-09-05,2024-09-04,36300.34,3905.73,178827.54,2023-08-14,,0
POL-00431,CUST-00295,HOME,EXPIRED,2024-10-21,2025-10-21,10100.12,2550.44,916552.8,2024-09-24,,5
POL-00432,CUST-00296,AUTO,ACTIVE,2025-04-06,2026-04-06,40456.68,3289.64,499509.45,2025-03-11,,6
POL-00433,CUST-00297,AUTO,ACTIVE,2024-10-17,2025-10-17,24997.63,909.35,216633.16,2024-09-19,,6
POL-00434,CUST-00298,AUTO,EXPIRED,2025-02-06,2026-02-06,49537.53,2160.79,443592.59,2025-01-16,,0
POL-00435,CUST-00299,AUTO,EXPIRED,2024-09-06,2025-09-06,26719.28,2575.31,160271.14,2024-08-12,,0
POL-00436,CUST-00300,AUTO,ACTIVE,2025-04-20,2026-04-20,35008.6,4424.38,458995.38,2025-04-03,,0
POL-00437,CUST-00301,AUTO,ACTIVE,2024-09-22,2025-09-22,42280.94,4379.76,81664.53,2024-08-31,,8
POL-00438,CUST-00301,UMBRELLA,ACTIVE,2024-09-13,2025-09-13,5919.63,0,3721076.83,2024-09-03,,8
POL-00439,CUST-00302,AUTO,ACTIVE,2024-11-24,2025-11-24,48110.15,3959.43,213517.97,2024-10-25,,6
POL-00440,CUST-00303,AUTO,ACTIVE,2025-02-01,2026-02-01,19962.27,3891.1,100302.68,2025-01-07,,1
POL-00441,CUST-00304,AUTO,ACTIVE,2025-04-27,2026-04-27,46822.12,3389.16,83331.3,2025-04-10,,4
POL-00442,CUST-00305,AUTO,ACTIVE,2025-03-24,2026-03-24,26811.68,3648.03,305704.04,2025-03-03,,0
POL-00443,CUST-00306,AUTO,ACTIVE,2024-12-12,2025-12-12,23840.86,1810.48,475156.36,2024-11-13,,6
POL-00444,CUST-00307,AUTO,PENDING_RENEWAL,2024-08-27,2025-08-27,26795.18,1452.48,186330.46,2025-03-31,,16
POL-00445,CUST-00308,AUTO,ACTIVE,2024-05-11,2025-05-11,54844.7,4875.81,339733.18,2024-04-29,,0
POL-00446,CUST-00308,HOME,ACTIVE,2024-05-05,2025-05-05,27614.06,4401.81,933474.07,2024-04-17,,0
POL-00447,CUST-00309,AUTO,PENDING_RENEWAL,2024-08-03,2025-08-03,30194.89,4051.73,342498.5,2023-07-19,,0
POL-00448,CUST-00310,AUTO,EXPIRED,2024-01-27,2025-01-26,48599.09,4541.61,383620.04,2024-01-04,,0
POL-00449,CUST-00311,AUTO,ACTIVE,2024-09-15,2025-09-15,35296.66,2919.78,85751.28,2024-08-16,,4
POL-00450,CUST-00311,HOME,ACTIVE,2024-09-21,2025-09-21,33937.53,3202.23,817542.88,2024-09-07,,4
POL-00451,CUST-00312,AUTO,ACTIVE,2023-12-29,2024-12-28,43695.21,2983.89,91111.64,2023-12-14,,0
POL-00452,CUST-00313,AUTO,ACTIVE,2025-02-19,2026-02-19,35902.31,3135.55,311571.7,2025-02-05,,3
POL-00453,CUST-00313,UMBRELLA,ACTIVE,2025-05-20,2026-05-20,6249.9,0,4055072.57,2025-05-03,,3
POL-00454,CUST-00314,AUTO,ACTIVE,2024-10-09,2025-10-09,18995.04,3061.98,311771.1,2024-09-23,,9
POL-00455,CUST-00315,HOME,EXPIRED,2024-12-15,2025-12-15,15843.96,9930.14,326573.0,2024-11-24,,0
POL-00456,CUST-00316,AUTO,ACTIVE,2025-01-13,2026-01-13,34331.19,4402.67,162059.9,2024-12-29,,5
POL-00457,CUST-00316,HOME,ACTIVE,2025-01-08,2026-01-08,18258.65,4960.39,979506.1,2024-12-12,,5
POL-00458,CUST-00317,AUTO,ACTIVE,2025-01-22,2026-01-22,33820.25,3528.39,92555.59,2025-01-02,,0
POL-00459,CUST-00318,HOME,ACTIVE,2025-02-17,2026-02-17,15807.87,3764.8,374845.44,2025-02-04,,6
POL-00460,CUST-00319,AUTO,PENDING_RENEWAL,2024-08-01,2025-08-01,23411.68,1207.1,480518.14,2024-12-20,,2
POL-00461,CUST-00320,AUTO,CANCELLED,2025-01-12,2026-01-12,25775.33,1152.44,200174.97,2024-12-27,2025-04-16,0
POL-00462,CUST-00321,AUTO,ACTIVE,2025-05-26,2026-05-26,30741.69,748.88,233954.5,2025-05-07,,0
POL-00463,CUST-00322,AUTO,ACTIVE,2025-02-04,2026-02-04,47741.32,4246.48,60655.55,2025-01-19,,4
POL-00464,CUST-00322,HOME,ACTIVE,2024-09-03,2025-09-03,22824.95,7651.15,817727.16,2024-08-10,,4
POL-00465,CUST-00323,AUTO,PENDING_RENEWAL,2024-08-26,2025-08-26,21416.72,3595.1,458999.31,2024-12-20,,0
POL-00466,CUST-00323,RENTERS,ACTIVE,2024-12-28,2025-12-28,4922.25,1093.79,28115.19,2024-12-03,,0
POL-00467,CUST-00324,AUTO,ACTIVE,2025-05-09,2026-05-09,19441.23,4897.3,379602.06,2025-04-22,,10
POL-00468,CUST-00324,HOME,EXPIRED,2025-01-13,2026-01-13,34729.32,2799.95,179204.64,2024-12-19,,10
POL-00469,CUST-00325,AUTO,ACTIVE,2025-06-04,2026-06-04,36241.1,3974.45,80601.76,2025-05-24,,3
POL-00470,CUST-00326,AUTO,ACTIVE,2025-02-26,2026-02-26,51204.14,1945.7,152457.03,2025-02-14,,5
POL-00471,CUST-00327,AUTO,CANCELLED,2023-08-11,2024-08-10,39144.68,2348.51,228338.59,2023-08-01,2024-07-04,0
POL-00472,CUST-00327,HOME,ACTIVE,2023-09-05,2024-09-04,24590.73,9216.84,561035.5,2023-08-28,,0
POL-00473,CUST-00328,AUTO,PENDING_RENEWAL,2024-08-25,2025-08-25,46931.13,3012.31,100550.72,2024-09-21,,5
POL-00474,CUST-00328,UMBRELLA,ACTIVE,2025-05-02,2026-05-02,4107.57,0,4651235.96,2025-04-07,,5
POL-00475,CUST-00329,AUTO,ACTIVE,2024-10-27,2025-10-27,32237.87,1184.92,198693.25,2024-09-27,,11
POL-00476,CUST-00330,AUTO,CANCELLED,2025-06-05,2026-06-05,44578.34,1822.16,330660.39,2025-05-17,2025-07-11,2
POL-00477,CUST-00331,AUTO,ACTIVE,2024-07-23,2025-07-23,49222.99,2895.64,344125.72,2024-07-06,,0
POL-00478,CUST-00331,HOME,EXPIRED,2024-08-02,2025-08-02,16009.95,9039.19,743414.02,2024-07-15,,0
POL-00479,CUST-00332,AUTO,ACTIVE,2025-05-26,2026-05-26,19035.86,2930.34,479597.27,2025-05-15,,6
POL-00480,CUST-00332,HOME,ACTIVE,2025-02-18,2026-02-18,19823.83,2879.27,372636.56,2025-01-21,,6
POL-00481,CUST-00333,AUTO,ACTIVE,2024-11-02,2025-11-02,29213.79,4253.71,218801.27,2024-10-23,,1
POL-00482,CUST-00333,HOME,PENDING_RENEWAL,2024-07-23,2025-07-23,23318.57,8330.49,183566.64,2025-02-10,,1
POL-00483,CUST-00334,AUTO,ACTIVE,2024-10-08,2025-10-08,45264.25,3221.82,387357.17,2024-09-08,,5
POL-00484,CUST-00334,RENTERS,ACTIVE,2025-04-30,2026-04-30,3901.28,1059.68,40422.76,2025-04-07,,5
POL-00485,CUST-00335,AUTO,EXPIRED,2024-05-23,2025-05-23,31012.33,4755.79,426440.59,2024-05-05,,0
POL-00486,CUST-00335,UMBRELLA,EXPIRED,2024-05-20,2025-05-20,6039.04,0,4998679.54,2024-05-06,,0
POL-00487,CUST-00336,AUTO,ACTIVE,2025-01-01,2026-01-01,53052.37,1133.31,162049.15,2024-12-24,,6
POL-00488,CUST-00337,AUTO,ACTIVE,2025-02-28,2026-02-28,45491.51,3474.28,217266.82,2025-01-29,,6
POL-00489,CUST-00337,HOME,ACTIVE,2025-03-19,2026-03-19,22446.29,9426.62,968770.17,2025-03-07,,6
POL-00490,CUST-00338,AUTO,ACTIVE,2023-12-11,2024-12-10,19375.66,1877.29,331390.62,2023-11-28,,0
POL-00491,CUST-00339,HOME,EXPIRED,2025-05-29,2026-05-29,19947.46,8848.25,922219.24,2025-04-29,,3
POL-00492,CUST-00340,AUTO,ACTIVE,2025-02-21,2026-02-21,21326.9,2389.47,79846.58,2025-02-12,,13
POL-00493,CUST-00340,HOME,ACTIVE,2024-11-15,2025-11-15,39061.91,4963.74,871224.1,2024-10-22,,13
POL-00494,CUST-00341,HOME,ACTIVE,2024-09-12,2025-09-12,17705.85,9612.15,701588.76,2024-08-25,,18
POL-00495,CUST-00342,AUTO,ACTIVE,2025-04-03,2026-04-03,20033.32,3466.44,384433.36,2025-03-20,,5
POL-00496,CUST-00343,HOME,PENDING_RENEWAL,2024-09-03,2025-09-03,17520.12,8952.25,783904.26,2024-12-26,,2
POL-00497,CUST-00344,AUTO,ACTIVE,2024-11-30,2025-11-30,52384.98,716.08,139053.27,2024-11-03,,16
POL-00498,CUST-00345,AUTO,ACTIVE,2025-02-20,2026-02-20,21475.41,2677.3,204755.8,2025-01-29,,0
POL-00499,CUST-00345,HOME,EXPIRED,2025-02-20,2026-02-20,28861.39,5068.94,293352.57,2025-02-01,,0
POL-00500,CUST-00345,UMBRELLA,ACTIVE,2025-01-22,2026-01-22,7349.19,0,1756873.38,2024-12-23,,0
POL-00501,CUST-00346,AUTO,EXPIRED,2024-10-09,2025-10-09,25211.38,2553.42,93426.54,2024-09-15,,5
POL-00502,CUST-00347,AUTO,ACTIVE,2024-09-10,2025-09-10,32060.58,925.63,488789.55,2024-08-30,,1
POL-00503,CUST-00348,HOME,ACTIVE,2024-09-05,2025-09-05,20428.73,9696.63,974511.79,2024-08-27,,17
POL-00504,CUST-00349,AUTO,PENDING_RENEWAL,2024-09-04,2025-09-04,20668.34,2887.53,71147.85,2025-05-25,,4
POL-00505,CUST-00350,AUTO,ACTIVE,2025-03-23,2026-03-23,21670.14,3354.41,328182.92,2025-02-24,,15
POL-00506,CUST-00351,AUTO,EXPIRED,2025-01-24,2026-01-24,39386.62,4815.76,477004.6,2025-01-16,,3
POL-00507,CUST-00352,AUTO,ACTIVE,2025-01-13,2026-01-13,33720.17,836.92,368753.48,2025-01-06,,3
POL-00508,CUST-00353,AUTO,PENDING_RENEWAL,2024-08-19,2025-08-19,17672.59,1591.08,403840.78,2025-03-05,,0
POL-00509,CUST-00353,HOME,ACTIVE,2025-03-20,2026-03-20,29382.54,8508.96,163478.47,2025-03-06,,0
POL-00510,CUST-00354,HOME,CANCELLED,2025-03-30,2026-03-30,32189.65,2281.68,347923.27,2025-03-17,2025-05-25,5
POL-00511,CUST-00355,AUTO,ACTIVE,2025-02-17,2026-02-17,45866.32,2472.22,420008.17,2025-01-20,,3
POL-00512,CUST-00356,AUTO,PENDING_RENEWAL,2024-08-13,2025-08-13,45170.01,1258.05,369392.3,2025-01-19,,2
POL-00513,CUST-00357,AUTO,PENDING_RENEWAL,2024-09-13,2025-09-13,18542.92,754.94,97335.54,2024-11-28,,1
POL-00514,CUST-00358,AUTO,ACTIVE,2025-02-07,2026-02-07,40610.62,873.92,95508.94,2025-01-20,,4
POL-00515,CUST-00359,HOME,ACTIVE,2024-10-09,2025-10-09,29968.85,6459.77,609058.07,2024-09-15,,3
POL-00516,CUST-00360,AUTO,EXPIRED,2025-05-28,2026-05-28,19311.91,3090.31,102863.01,2025-05-18,,0
POL-00517,CUST-00360,RENTERS,ACTIVE,2025-05-30,2026-05-30,6584.18,2283.53,53746.35,2025-05-01,,0
POL-00518,CUST-00361,AUTO,ACTIVE,2024-09-21,2025-09-21,49089.32,4730.89,415922.3,2024-09-13,,3
POL-00519,CUST-00362,AUTO,ACTIVE,2024-12-29,2025-12-29,37677.2,1815.25,235464.76,2024-12-19,,1
POL-00520,CUST-00362,RENTERS,ACTIVE,2025-02-06,2026-02-06,2170.25,2091.33,47523.98,2025-01-19,,1
POL-00521,CUST-00363,HOME,CANCELLED,2025-02-01,2026-02-01,23746.14,6026.3,877134.61,2025-01-20,2025-03-26,15
POL-00522,CUST-00364,AUTO,ACTIVE,2024-04-30,2025-04-30,21882.32,2083.12,292205.65,2024-04-13,,0
POL-00523,CUST-00365,AUTO,ACTIVE,2024-11-20,2025-11-20,51566.85,3298.1,337763.75,2024-11-03,,7
POL-00524,CUST-00366,HOME,ACTIVE,2024-12-12,2025-12-12,20110.04,9633.78,390483.8,2024-11-30,,4
POL-00525,CUST-00367,AUTO,PENDING_RENEWAL,2024-08-14,2025-08-14,37419.41,4616.14,348435.58,2024-09-01,,8
POL-00526,CUST-00368,HOME,ACTIVE,2025-01-16,2026-01-16,13990.97,6130.96,173990.44,2024-12-21,,1
POL-00527,CUST-00369,UMBRELLA,ACTIVE,2024-10-05,2025-10-05,7672.65,0,4249615.84,2024-09-21,,3
POL-00528,CUST-00370,HOME,ACTIVE,2025-02-11,2026-02-11,16479.04,8717.78,534945.96,2025-02-04,,18
POL-00529,CUST-00371,AUTO,ACTIVE,2024-11-23,2025-11-23,22442.32,3089.56,456054.21,2024-10-27,,11
POL-00530,CUST-00372,AUTO,ACTIVE,2024-12-11,2025-12-11,47069.01,1940.7,210683.38,2024-11-27,,3
POL-00531,CUST-00372,HOME,ACTIVE,2025-02-09,2026-02-09,38742.73,6210.63,186959.27,2025-01-16,,3
POL-00532,CUST-00373,AUTO,EXPIRED,2024-11-22,2025-11-22,19192.3,2067.54,365965.02,2024-10-23,,0
POL-00533,CUST-00374,AUTO,ACTIVE,2024-11-03,2025-11-03,48464.54,3159.78,79095.99,2024-10-12,,12
POL-00534,CUST-00375,HOME,ACTIVE,2025-04-01,2026-04-01,36875.25,7138.06,158871.48,2025-03-23,,11
POL-00535,CUST-00376,AUTO,ACTIVE,2025-04-08,2026-04-08,43544.49,1468.42,253450.28,2025-03-20,,9
POL-00536,CUST-00377,AUTO,CANCELLED,2025-04-03,2026-04-03,50038.75,3140.93,438230.33,2025-03-10,2025-06-29,10
POL-00537,CUST-00378,HOME,ACTIVE,2023-07-26,2024-07-25,33238.63,4723.4,245086.5,2023-07-03,,0
POL-00538,CUST-00379,AUTO,ACTIVE,2024-11-29,2025-11-29,48429.58,3779.0,199305.55,2024-11-07,,0
POL-00539,CUST-00380,AUTO,ACTIVE,2024-10-16,2025-10-16,47196.56,4312.69,132345.32,2024-10-05,,13
POL-00540,CUST-00381,AUTO,ACTIVE,2025-03-05,2026-03-05,18629.38,2080.4,341251.37,2025-02-19,,5
POL-00541,CUST-00381,HOME,ACTIVE,2025-04-28,2026-04-28,12447.05,3319.91,891371.14,2025-04-05,,5
POL-00542,CUST-00382,AUTO,CANCELLED,2023-09-19,2024-09-18,15069.16,2231.39,62444.1,2023-09-12,2024-03-04,0
POL-00543,CUST-00382,RENTERS,ACTIVE,2023-11-12,2024-11-11,7430.87,2400.35,35078.57,2023-11-03,,0
POL-00544,CUST-00383,AUTO,CANCELLED,2024-12-06,2025-12-06,49883.88,4511.47,367865.4,2024-11-11,2025-01-20,12
POL-00545,CUST-00383,HOME,ACTIVE,2025-03-31,2026-03-31,36390.16,1273.08,134896.85,2025-03-10,,12
POL-00546,CUST-00384,AUTO,ACTIVE,2024-12-19,2025-12-19,27466.61,1311.88,283319.98,2024-11-21,,1
POL-00547,CUST-00385,AUTO,CANCELLED,2024-09-08,2025-09-08,51799.97,4748.05,350917.29,2024-08-20,2025-04-25,12
POL-00548,CUST-00386,AUTO,PENDING_RENEWAL,2024-07-23,2025-07-23,34630.73,3684.37,427577.99,2025-05-07,,1
POL-00549,CUST-00386,HOME,ACTIVE,2025-01-02,2026-01-02,12963.41,6066.97,731985.32,2024-12-10,,1
POL-00550,CUST-00387,AUTO,PENDING_RENEWAL,2024-08-16,2025-08-16,20419.03,1946.82,267847.02,2024-12-21,,2
POL-00551,CUST-00388,AUTO,ACTIVE,2025-05-25,2026-05-25,42362.1,4760.51,188203.92,2025-05-12,,5
POL-00552,CUST-00389,AUTO,ACTIVE,2024-12-19,2025-12-19,44570.28,2232.06,208294.52,2024-12-03,,0
POL-00553,CUST-00390,AUTO,EXPIRED,2024-09-28,2025-09-28,35334.99,3565.1,70124.32,2024-09-10,,2
POL-00554,CUST-00391,AUTO,PENDING_RENEWAL,2024-08-25,2025-08-25,27812.42,3602.25,465940.51,2024-09-22,,6
POL-00555,CUST-00392,AUTO,CANCELLED,2025-02-01,2026-02-01,54376.08,4629.13,230881.43,2025-01-18,2025-05-07,0
POL-00556,CUST-00392,HOME,ACTIVE,2025-01-19,2026-01-19,14677.87,3323.67,929960.0,2024-12-22,,0
POL-00557,CUST-00393,AUTO,PENDING_RENEWAL,2024-09-02,2025-09-02,52610.91,1352.73,400651.41,2025-01-07,,4
POL-00558,CUST-00394,AUTO,ACTIVE,2025-02-21,2026-02-21,45685.06,3369.19,101875.28,2025-02-12,,10
POL-00559,CUST-00394,HOME,ACTIVE,2025-03-14,2026-03-14,37066.51,3946.41,949152.81,2025-02-18,,10
POL-00560,CUST-00395,AUTO,ACTIVE,2024-08-28,2025-08-28,36450.4,988.21,103730.32,2024-08-13,,1
POL-00561,CUST-00396,AUTO,ACTIVE,2025-05-28,2026-05-28,34918.69,2654.69,100132.98,2025-05-06,,1
POL-00562,CUST-00397,AUTO,ACTIVE,2023-09-28,2024-09-27,17696.02,3822.56,248910.72,2023-09-07,,0
POL-00563,CUST-00397,HOME,PENDING_RENEWAL,2024-09-07,2025-09-07,33073.8,4072.13,955372.96,2023-09-24,,0
POL-00564,CUST-00397,UMBRELLA,ACTIVE,2023-09-17,2024-09-16,9452.88,0,753926.72,2023-08-21,,0
POL-00565,CUST-00398,AUTO,ACTIVE,2024-11-03,2025-11-03,40088.55,4421.02,81222.3,2024-10-27,,11
POL-00566,CUST-00399,AUTO,ACTIVE,2025-05-13,2026-05-13,53567.06,2831.21,57857.82,2025-04-23,,15
POL-00567,CUST-00399,RENTERS,PENDING_RENEWAL,2024-07-22,2025-07-22,6322.89,1516.1,85096.49,2024-12-15,,15
POL-00568,CUST-00400,HOME,ACTIVE,2024-11-09,2025-11-09,26909.16,9434.9,680311.14,2024-10-18,,0
POL-00569,CUST-00401,AUTO,ACTIVE,2025-02-23,2026-02-23,42315.25,2547.43,463741.94,2025-01-27,,0
POL-00570,CUST-00402,AUTO,ACTIVE,2024-11-29,2025-11-29,40483.73,4468.72,215635.14,2024-11-14,,14
POL-00571,CUST-00402,RENTERS,EXPIRED,2025-04-03,2026-04-03,2125.62,1284.85,76854.87,2025-03-26,,14
POL-00572,CUST-00403,AUTO,CANCELLED,2023-08-14,2024-08-13,29117.65,3800.52,249751.8,2023-07-25,2024-04-05,0
POL-00573,CUST-00403,HOME,ACTIVE,2023-08-08,2024-08-07,21653.29,4589.95,750976.94,2023-07-11,,0
POL-00574,CUST-00404,AUTO,PENDING_RENEWAL,2024-08-24,2025-08-24,49944.25,2267.73,261604.6,2024-11-20,,4
POL-00575,CUST-00404,HOME,ACTIVE,2024-11-16,2025-11-16,26284.86,2794.69,403914.84,2024-11-08,,4
POL-00576,CUST-00405,AUTO,ACTIVE,2025-03-02,2026-03-02,52727.97,3053.27,127553.36,2025-02-11,,7
POL-00577,CUST-00406,AUTO,EXPIRED,2025-03-30,2026-03-30,38002.77,1924.21,160564.32,2025-03-10,,2
POL-00578,CUST-00407,AUTO,ACTIVE,2025-05-28,2026-05-28,45535.7,936.79,79411.57,2025-04-30,,5
POL-00579,CUST-00408,AUTO,CANCELLED,2024-12-15,2025-12-15,18597.88,1177.71,145855.34,2024-12-02,2025-06-23,10
POL-00580,CUST-00409,HOME,ACTIVE,2023-11-07,2024-11-06,34847.64,3607.67,191349.54,2023-10-26,,0
POL-00581,CUST-00410,AUTO,ACTIVE,2024-01-19,2025-01-18,36292.21,2985.45,261305.45,2023-12-26,,0
POL-00582,CUST-00411,AUTO,ACTIVE,2024-09-11,2025-09-11,41554.76,3900.53,111019.43,2024-09-01,,0
POL-00583,CUST-00412,AUTO,EXPIRED,2024-11-02,2025-11-02,42524.86,3073.6,251300.04,2024-10-08,,10
POL-00584,CUST-00412,HOME,ACTIVE,2024-08-29,2025-08-29,10595.7,8970.43,989033.77,2024-08-11,,10
POL-00585,CUST-00413,HOME,ACTIVE,2025-03-07,2026-03-07,21808.47,3886.29,740267.36,2025-02-08,,1
POL-00586,CUST-00414,HOME,EXPIRED,2024-11-14,2025-11-14,10478.67,4286.94,327444.2,2024-11-02,,15
POL-00587,CUST-00415,AUTO,ACTIVE,2025-02-13,2026-02-13,27742.7,1879.86,252018.98,2025-01-15,,5
POL-00588,CUST-00415,RENTERS,ACTIVE,2024-10-24,2025-10-24,4597.7,430.55,64101.93,2024-09-26,,5
POL-00589,CUST-00416,AUTO,ACTIVE,2024-12-11,2025-12-11,15768.49,2210.08,66192.42,2024-11-19,,0
POL-00590,CUST-00417,AUTO,PENDING_RENEWAL,2024-08-10,2025-08-10,49145.07,1767.39,87487.76,2024-10-21,,3
POL-00591,CUST-00418,AUTO,EXPIRED,2023-09-12,2024-09-11,49459.17,4128.02,98172.32,2023-09-01,,0
POL-00592,CUST-00419,AUTO,EXPIRED,2025-06-11,2026-06-11,46155.07,560.51,413143.81,2025-05-12,,2
POL-00593,CUST-00419,HOME,ACTIVE,2025-03-28,2026-03-28,36104.79,6635.14,884214.44,2025-03-03,,2
POL-00594,CUST-00420,AUTO,PENDING_RENEWAL,2024-07-25,2025-07-25,19879.14,3585.2,144598.57,2025-02-03,,18
POL-00595,CUST-00420,RENTERS,ACTIVE,2024-09-17,2025-09-17,6301.88,1321.1,35783.98,2024-09-04,,18
POL-00596,CUST-00421,AUTO,EXPIRED,2025-05-15,2026-05-15,42046.37,1332.18,52841.03,2025-04-24,,5
POL-00597,CUST-00422,AUTO,PENDING_RENEWAL,2024-07-31,2025-07-31,53908.95,4262.18,183523.77,2025-04-25,,5
POL-00598,CUST-00422,HOME,ACTIVE,2025-02-24,2026-02-24,22368.46,3258.55,410283.14,2025-02-04,,5
POL-00599,CUST-00423,AUTO,ACTIVE,2025-05-15,2026-05-15,26257.97,2722.65,456212.06,2025-05-06,,6
POL-00600,CUST-00423,HOME,PENDING_RENEWAL,2024-09-01,2025-09-01,11812.12,1794.09,629324.76,2024-10-29,,6
POL-00601,CUST-00424,HOME,ACTIVE,2025-01-03,2026-01-03,11976.36,4223.01,829868.83,2024-12-13,,3
POL-00602,CUST-00425,AUTO,ACTIVE,2025-01-02,2026-01-02,44798.77,3608.89,234379.58,2024-12-25,,0
POL-00603,CUST-00425,HOME,ACTIVE,2025-02-11,2026-02-11,36399.24,5172.61,909180.61,2025-01-23,,0
POL-00604,CUST-00426,AUTO,ACTIVE,2024-10-29,2025-10-29,15979.19,4953.93,334486.87,2024-10-10,,0
POL-00605,CUST-00426,HOME,ACTIVE,2024-11-28,2025-11-28,21982.55,9148.26,235934.79,2024-10-31,,0
POL-00606,CUST-00427,HOME,ACTIVE,2025-01-07,2026-01-07,18126.7,2424.85,846800.35,2024-12-19,,0
POL-00607,CUST-00427,UMBRELLA,ACTIVE,2024-12-19,2025-12-19,8976.7,0,3230712.5,2024-11-27,,0
POL-00608,CUST-00428,AUTO,ACTIVE,2024-08-26,2025-08-26,41631.57,4788.28,367710.85,2024-08-17,,0
POL-00609,CUST-00429,AUTO,ACTIVE,2025-01-09,2026-01-09,23656.15,1213.71,333706.57,2024-12-13,,1
POL-00610,CUST-00429,HOME,ACTIVE,2025-04-14,2026-04-14,30521.73,2164.85,353707.41,2025-03-19,,1
POL-00611,CUST-00430,AUTO,ACTIVE,2024-09-04,2025-09-04,53817.23,2376.5,144255.19,2024-08-17,,0
POL-00612,CUST-00431,AUTO,CANCELLED,2025-01-23,2026-01-23,51629.52,3097.49,198977.32,2024-12-30,2025-04-20,3
POL-00613,CUST-00431,HOME,ACTIVE,2025-01-02,2026-01-02,15831.33,6150.47,920242.77,2024-12-06,,3
POL-00614,CUST-00432,AUTO,EXPIRED,2025-01-06,2026-01-06,37531.92,4463.28,222864.5,2024-12-14,,10
POL-00615,CUST-00433,AUTO,CANCELLED,2025-05-27,2026-05-27,51017.22,2522.68,399844.95,2025-05-12,2025-05-31,0
POL-00616,CUST-00433,HOME,ACTIVE,2025-04-20,2026-04-20,33738.45,8629.96,153119.13,2025-04-02,,0
POL-00617,CUST-00434,AUTO,ACTIVE,2025-01-27,2026-01-27,34302.12,2681.14,191375.73,2025-01-10,,12
POL-00618,CUST-00435,HOME,ACTIVE,2025-01-15,2026-01-15,37711.27,1545.07,896294.52,2024-12-16,,8
POL-00619,CUST-00436,AUTO,EXPIRED,2025-03-09,2026-03-09,43025.84,1419.08,183246.52,2025-02-22,,0
POL-00620,CUST-00437,AUTO,CANCELLED,2024-10-30,2025-10-30,46031.88,2998.69,317230.28,2024-10-03,2025-05-13,6
POL-00621,CUST-00438,HOME,ACTIVE,2025-03-24,2026-03-24,31188.9,2156.82,960495.0,2025-02-27,,5
POL-00622,CUST-00439,AUTO,PENDING_RENEWAL,2024-08-29,2025-08-29,27610.75,3922.39,339629.44,2024-08-31,,15
POL-00623,CUST-00440,AUTO,PENDING_RENEWAL,2024-07-24,2025-07-24,43911.07,913.37,212142.62,2024-09-25,,17
POL-00624,CUST-00440,UMBRELLA,ACTIVE,2024-12-22,2025-12-22,5499.57,0,2716050.66,2024-12-13,,17
POL-00625,CUST-00441,AUTO,EXPIRED,2024-06-29,2025-06-29,21199.36,2518.24,101862.12,2024-06-16,,0
POL-00626,CUST-00442,HOME,ACTIVE,2023-11-25,2024-11-24,26730.54,3029.68,138155.35,2023-10-27,,0
POL-00627,CUST-00443,AUTO,ACTIVE,2024-11-25,2025-11-25,35023.35,2796.11,180337.73,2024-11-18,,3
POL-00628,CUST-00443,HOME,PENDING_RENEWAL,2024-07-24,2025-07-24,10705.39,1064.37,731641.79,2024-10-22,,3
POL-00629,CUST-00444,AUTO,ACTIVE,2025-01-22,2026-01-22,23511.13,3003.18,279895.83,2025-01-07,,1
POL-00630,CUST-00444,HOME,ACTIVE,2025-02-04,2026-02-04,14795.9,2761.95,908135.32,2025-01-18,,1
POL-00631,CUST-00445,AUTO,PENDING_RENEWAL,2024-08-02,2025-08-02,53709.39,4434.05,140064.19,2024-08-03,,0
POL-00632,CUST-00446,AUTO,EXPIRED,2024-12-13,2025-12-13,50466.09,744.65,331752.94,2024-11-22,,8
POL-00633,CUST-00447,AUTO,ACTIVE,2025-03-15,2026-03-15,27396.06,1428.59,476057.78,2025-02-26,,2
POL-00634,CUST-00448,AUTO,ACTIVE,2024-09-01,2025-09-01,21610.29,1784.04,494051.54,2024-08-06,,18
POL-00635,CUST-00448,HOME,ACTIVE,2025-04-22,2026-04-22,35720.77,8674.13,657349.07,2025-04-15,,18
POL-00636,CUST-00449,AUTO,ACTIVE,2025-03-26,2026-03-26,30256.84,740.92,146888.89,2025-03-16,,6
POL-00637,CUST-00450,AUTO,ACTIVE,2025-05-29,2026-05-29,31699.48,1859.23,168226.54,2025-05-19,,15
POL-00638,CUST-00450,RENTERS,EXPIRED,2025-03-03,2026-03-03,7580.75,2318.66,79540.84,2025-02-21,,15
POL-00639,CUST-00451,AUTO,ACTIVE,2025-02-15,2026-02-15,15573.76,4414.06,310899.65,2025-01-25,,12
POL-00640,CUST-00451,HOME,ACTIVE,2024-08-31,2025-08-31,26723.34,1569.55,722621.37,2024-08-09,,12
POL-00641,CUST-00452,AUTO,ACTIVE,2025-03-18,2026-03-18,32299.5,3095.42,69815.17,2025-03-11,,11
POL-00642,CUST-00452,HOME,PENDING_RENEWAL,2024-08-07,2025-08-07,11890.31,9668.71,269262.83,2024-12-25,,11
POL-00643,CUST-00453,AUTO,EXPIRED,2024-09-02,2025-09-02,37528.48,2698.37,154184.4,2024-08-04,,1
POL-00644,CUST-00453,RENTERS,ACTIVE,2024-12-11,2025-12-11,7090.74,1595.61,56500.6,2024-12-02,,1
POL-00645,CUST-00454,AUTO,ACTIVE,2024-07-28,2025-07-28,37040.96,2060.54,128283.23,2024-07-01,,0
POL-00646,CUST-00454,HOME,ACTIVE,2024-07-03,2025-07-03,22053.38,2328.7,705392.15,2024-06-17,,0
POL-00647,CUST-00455,AUTO,ACTIVE,2025-04-06,2026-04-06,18457.82,4661.24,340458.86,2025-03-20,,16
POL-00648,CUST-00456,AUTO,CANCELLED,2025-04-02,2026-04-02,28738.15,2930.95,424405.89,2025-03-07,2025-05-15,4
POL-00649,CUST-00457,AUTO,PENDING_RENEWAL,2024-07-27,2025-07-27,23232.51,1646.23,297701.85,2024-06-26,,0
POL-00650,CUST-00458,AUTO,ACTIVE,2025-04-15,2026-04-15,34567.2,2968.03,227732.23,2025-03-28,,0
POL-00651,CUST-00459,AUTO,CANCELLED,2025-02-20,2026-02-20,42512.04,1200.66,362274.28,2025-01-24,2025-06-16,1
POL-00652,CUST-00459,HOME,PENDING_RENEWAL,2024-08-20,2025-08-20,32599.57,4655.08,842708.76,2024-09-20,,1
POL-00653,CUST-00460,AUTO,ACTIVE,2025-03-12,2026-03-12,16243.9,821.01,164045.26,2025-02-12,,5
POL-00654,CUST-00460,HOME,ACTIVE,2024-12-14,2025-12-14,38530.38,4627.01,728036.66,2024-11-16,,5
POL-00655,CUST-00461,AUTO,ACTIVE,2025-05-25,2026-05-25,38587.63,2711.0,64183.12,2025-04-27,,6
POL-00656,CUST-00461,HOME,ACTIVE,2024-10-16,2025-10-16,19588.96,7776.26,792808.65,2024-09-27,,6
POL-00657,CUST-00462,AUTO,CANCELLED,2024-12-03,2025-12-03,42393.93,3915.72,89072.88,2024-11-25,2025-04-06,4
POL-00658,CUST-00463,AUTO,ACTIVE,2024-12-03,2025-12-03,40251.95,2018.22,321623.93,2024-11-03,,2
POL-00659,CUST-00463,HOME,ACTIVE,2024-09-06,2025-09-06,24078.38,8691.78,294899.82,2024-08-08,,2
POL-00660,CUST-00464,AUTO,CANCELLED,2024-10-31,2025-10-31,46233.4,1315.55,173633.52,2024-10-22,2025-07-15,16
POL-00661,CUST-00464,HOME,EXPIRED,2024-09-14,2025-09-14,26951.5,7518.98,327883.87,2024-08-18,,16
POL-00662,CUST-00465,AUTO,ACTIVE,2024-12-28,2025-12-28,49142.2,993.54,119658.29,2024-12-08,,5
POL-00663,CUST-00466,HOME,EXPIRED,2025-03-16,2026-03-16,33272.2,7952.16,139487.21,2025-03-04,,0
POL-00664,CUST-00467,AUTO,ACTIVE,2025-04-17,2026-04-17,24149.3,1239.95,109399.55,2025-04-07,,5
POL-00665,CUST-00467,HOME,ACTIVE,2025-06-03,2026-06-03,39363.91,5465.31,814903.62,2025-05-13,,5
POL-00666,CUST-00468,AUTO,ACTIVE,2025-05-29,2026-05-29,36739.39,2463.31,365921.49,2025-05-14,,6
POL-00667,CUST-00469,AUTO,ACTIVE,2024-11-24,2025-11-24,33985.02,1044.55,122897.89,2024-11-13,,0
POL-00668,CUST-00469,HOME,PENDING_RENEWAL,2024-08-23,2025-08-23,27112.62,2669.59,471930.19,2024-11-09,,0
POL-00669,CUST-00470,AUTO,ACTIVE,2025-05-16,2026-05-16,43058.96,4046.39,100738.66,2025-04-23,,1
POL-00670,CUST-00470,HOME,ACTIVE,2025-06-11,2026-06-11,29977.34,8923.46,223355.61,2025-05-26,,1
POL-00671,CUST-00471,AUTO,ACTIVE,2023-08-05,2024-08-04,33990.38,2245.36,335028.45,2023-07-24,,0
POL-00672,CUST-00472,AUTO,EXPIRED,2025-05-12,2026-05-12,35394.72,2810.23,494312.77,2025-04-20,,5
POL-00673,CUST-00472,RENTERS,ACTIVE,2024-11-16,2025-11-16,5396.94,1063.88,38027.36,2024-10-20,,5
POL-00674,CUST-00473,AUTO,ACTIVE,2025-02-05,2026-02-05,46225.28,4688.51,225849.3,2025-01-06,,0
POL-00675,CUST-00473,HOME,EXPIRED,2025-02-10,2026-02-10,28193.1,5314.29,954449.12,2025-01-30,,0
POL-00676,CUST-00474,AUTO,ACTIVE,2024-10-04,2025-10-04,24653.62,2447.34,63911.31,2024-09-25,,4
POL-00677,CUST-00475,AUTO,ACTIVE,2024-11-26,2025-11-26,40656.0,2590.28,413065.12,2024-11-11,,1
POL-00678,CUST-00475,HOME,ACTIVE,2024-09-14,2025-09-14,37513.32,3943.79,377327.68,2024-08-19,,1
POL-00679,CUST-00476,AUTO,PENDING_RENEWAL,2024-08-19,2025-08-19,42538.07,3273.65,78320.47,2024-08-15,,2
POL-00680,CUST-00477,AUTO,CANCELLED,2025-04-04,2026-04-04,24113.69,1360.7,487553.31,2025-03-21,2025-06-15,0
POL-00681,CUST-00478,AUTO,PENDING_RENEWAL,2024-09-08,2025-09-08,38910.42,2126.69,294249.16,2025-02-13,,5
POL-00682,CUST-00478,HOME,PENDING_RENEWAL,2024-07-31,2025-07-31,19634.27,6383.18,670099.82,2024-07-30,,5
POL-00683,CUST-00479,AUTO,PENDING_RENEWAL,2024-08-18,2025-08-18,30665.21,4849.31,415901.54,2025-05-18,,0
POL-00684,CUST-00480,HOME,ACTIVE,2024-09-07,2025-09-07,37834.17,8390.42,560006.57,2024-08-13,,9
POL-00685,CUST-00481,AUTO,ACTIVE,2024-11-04,2025-11-04,34582.38,1909.14,112877.31,2024-10-16,,1
POL-00686,CUST-00481,HOME,PENDING_RENEWAL,2024-09-12,2025-09-12,13687.5,1863.02,768720.81,2025-05-11,,1
POL-00687,CUST-00482,AUTO,CANCELLED,2024-07-28,2025-07-28,19457.28,2434.11,153719.75,2024-07-13,2024-12-20,0
POL-00688,CUST-00482,HOME,ACTIVE,2024-06-29,2025-06-29,28549.36,4181.96,312726.1,2024-06-05,,0
POL-00689,CUST-00483,AUTO,ACTIVE,2024-09-11,2025-09-11,53655.99,578.48,122178.1,2024-08-16,,6
POL-00690,CUST-00484,AUTO,ACTIVE,2024-11-19,2025-11-19,19982.53,1589.11,324323.24,2024-11-05,,8
POL-00691,CUST-00485,RENTERS,ACTIVE,2025-01-21,2026-01-21,6026.97,2161.58,55693.22,2024-12-26,,0
POL-00692,CUST-00486,AUTO,EXPIRED,2024-12-03,2025-12-03,21015.42,2935.69,172275.49,2024-11-26,,1
POL-00693,CUST-00487,AUTO,ACTIVE,2024-11-29,2025-11-29,27883.2,3229.49,217832.47,2024-11-08,,14
POL-00694,CUST-00488,AUTO,ACTIVE,2025-01-06,2026-01-06,46522.8,2322.96,161944.55,2024-12-19,,2
POL-00695,CUST-00489,AUTO,CANCELLED,2025-02-11,2026-02-11,15971.04,2535.11,410045.29,2025-01-15,2025-02-27,1
POL-00696,CUST-00489,HOME,ACTIVE,2024-12-02,2025-12-02,21666.1,5418.62,751760.64,2024-11-25,,1
POL-00697,CUST-00490,HOME,CANCELLED,2024-10-13,2025-10-13,20997.84,2972.23,626945.12,2024-10-01,2025-01-07,10
POL-00698,CUST-00491,AUTO,ACTIVE,2025-03-13,2026-03-13,30257.76,3681.97,121439.15,2025-03-04,,0
POL-00699,CUST-00491,RENTERS,ACTIVE,2025-03-15,2026-03-15,5692.7,1431.82,40411.63,2025-03-06,,0
POL-00700,CUST-00492,AUTO,ACTIVE,2025-03-02,2026-03-02,22440.8,800.51,442314.55,2025-02-07,,0
POL-00701,CUST-00492,HOME,ACTIVE,2025-04-11,2026-04-11,28628.34,2583.5,593144.7,2025-03-12,,0
POL-00702,CUST-00493,AUTO,PENDING_RENEWAL,2024-08-06,2025-08-06,22815.4,3923.87,375443.82,2025-05-02,,6
POL-00703,CUST-00494,AUTO,PENDING_RENEWAL,2024-08-21,2025-08-21,49216.29,1201.59,109530.94,2024-09-19,,10
POL-00704,CUST-00494,RENTERS,EXPIRED,2024-08-26,2025-08-26,7170.13,1290.41,56395.53,2024-08-11,,10
POL-00705,CUST-00495,AUTO,CANCELLED,2024-10-26,2025-10-26,16690.94,2573.48,409477.12,2024-10-19,2025-03-22,0
POL-00706,CUST-00496,AUTO,CANCELLED,2024-09-22,2025-09-22,36002.03,3732.6,387204.49,2024-09-04,2025-07-14,6
POL-00707,CUST-00496,HOME,ACTIVE,2024-11-19,2025-11-19,32548.94,5528.37,549754.03,2024-11-07,,6
POL-00708,CUST-00497,HOME,ACTIVE,2024-11-16,2025-11-16,18953.27,4383.5,436261.07,2024-10-28,,1
POL-00709,CUST-00498,AUTO,ACTIVE,2023-10-26,2024-10-25,40538.15,4057.36,387151.39,2023-10-01,,0
POL-00710,CUST-00498,HOME,ACTIVE,2023-09-16,2024-09-15,29472.14,1147.4,304364.34,2023-09-05,,0
POL-00711,CUST-00498,UMBRELLA,ACTIVE,2023-09-30,2024-09-29,6073.18,0,2593421.17,2023-09-01,,0
POL-00712,CUST-00499,RENTERS,EXPIRED,2025-04-25,2026-04-25,7686.35,1091.58,48044.41,2025-04-09,,9
POL-00713,CUST-00500,RENTERS,EXPIRED,2024-09-06,2025-09-06,3763.71,341.18,98508.6,2024-08-15,,5
POL-00714,CUST-00001,AUTO,PENDING_RENEWAL,2024-08-07,2025-08-07,45900.0,2500.0,300000.0,2024-07-25,,11
POL-00715,CUST-00002,AUTO,ACTIVE,2025-01-15,2026-01-15,22000.0,2000.0,200000.0,2025-01-05,,9
