QUOTE_ID,PARTY_ID,LINE_OF_BUSINESS,QUOTED_PREMIUM,QUOTE_DATE,QUOTE_STATUS,SOURCE
QUO-00001,CUST-00003,UMBRELLA,5684.69,2026-08-07,QUOTED,PARTNER
QUO-00002,CUST-00005,UMBRELLA,6812.26,2026-07-16,QUOTED,AGENT
QUO-00003,CUST-00011,UMBRELLA,3079.16,2026-08-06,QUOTED,PARTNER
QUO-00004,CUST-00013,HOME,36470.12,2026-09-22,QUOTED,PARTNER
QUO-00005,CUST-00015,AUTO,14101.56,2026-09-11,EXPIRED,AGENT
QUO-00006,CUST-00017,AUTO,26202.44,2026-09-08,DECLINED,AGENT
QUO-00007,CUST-00020,RENTERS,3930.18,2026-09-21,EXPIRED,WEB
QUO-00008,CUST-00025,AUTO,19091.22,2026-09-12,EXPIRED,AGENT
QUO-00009,CUST-00026,UMBRELLA,6925.56,2026-09-22,EXPIRED,AGENT
QUO-00010,CUST-00026,RENTERS,7954.4,2026-07-11,BOUND,WEB
QUO-00011,CUST-00032,AUTO,20834.49,2026-08-29,QUOTED,WEB
QUO-00012,CUST-00034,AUTO,20109.55,2026-08-20,QUOTED,PARTNER
QUO-00013,CUST-00038,HOME,28572.52,2026-10-01,EXPIRED,PARTNER
QUO-00014,CUST-00038,RENTERS,7711.84,2026-08-21,EXPIRED,AGENT
QUO-00015,CUST-00042,AUTO,36039.44,2026-09-22,QUOTED,AGENT
QUO-00016,CUST-00043,AUTO,19256.49,2026-09-10,EXPIRED,AGENT
QUO-00017,CUST-00046,RENTERS,1789.72,2026-09-10,EXPIRED,WEB
QUO-00018,CUST-00054,RENTERS,3432.24,2026-07-07,EXPIRED,WEB
QUO-00019,CUST-00055,AUTO,38327.58,2026-09-01,EXPIRED,WEB
QUO-00020,CUST-00056,HOME,27599.25,2026-09-19,QUOTED,WEB
QUO-00021,CUST-00057,AUTO,46639.03,2026-08-14,EXPIRED,WEB
QUO-00022,CUST-00057,UMBRELLA,5372.76,2026-10-02,BOUND,AGENT
QUO-00023,CUST-00062,HOME,22514.06,2026-09-29,EXPIRED,AGENT
QUO-00024,CUST-00066,UMBRELLA,8230.17,2026-09-21,EXPIRED,PARTNER
QUO-00025,CUST-00069,AUTO,20794.95,2026-09-12,EXPIRED,AGENT
QUO-00026,CUST-00073,AUTO,42481.37,2026-09-17,EXPIRED,WEB
QUO-00027,CUST-00074,RENTERS,4279.32,2026-08-05,DECLINED,WEB
QUO-00028,CUST-00080,AUTO,40849.96,2026-08-09,EXPIRED,PARTNER
QUO-00029,CUST-00081,AUTO,18987.73,2026-08-09,EXPIRED,WEB
QUO-00030,CUST-00082,RENTERS,6853.78,2026-08-15,DECLINED,WEB
QUO-00031,CUST-00084,AUTO,40647.87,2026-08-24,QUOTED,WEB
QUO-00032,CUST-00088,UMBRELLA,7860.78,2026-09-03,QUOTED,AGENT
QUO-00033,CUST-00090,RENTERS,4608.36,2026-08-13,DECLINED,PARTNER
QUO-00034,CUST-00093,HOME,26026.7,2026-09-05,EXPIRED,PARTNER
QUO-00035,CUST-00095,AUTO,36182.06,2026-08-16,QUOTED,PARTNER
QUO-00036,CUST-00097,HOME,19768.63,2026-08-05,DECLINED,WEB
QUO-00037,CUST-00098,HOME,20513.26,2026-08-20,QUOTED,WEB
QUO-00038,CUST-00099,HOME,25396.05,2026-09-17,QUOTED,WEB
QUO-00039,CUST-00101,HOME,30724.29,2026-09-22,QUOTED,AGENT
QUO-00040,CUST-00104,AUTO,26886.94,2026-10-02,QUOTED,PARTNER
QUO-00041,CUST-00105,RENTERS,5537.22,2026-08-07,QUOTED,WEB
QUO-00042,CUST-00106,AUTO,18882.1,2026-08-05,QUOTED,AGENT
QUO-00043,CUST-00112,RENTERS,3264.69,2026-08-25,QUOTED,AGENT
QUO-00044,CUST-00118,HOME,14786.91,2026-08-30,EXPIRED,WEB
QUO-00045,CUST-00119,UMBRELLA,8304.1,2026-09-20,QUOTED,WEB
QUO-00046,CUST-00123,AUTO,36623.12,2026-08-24,DECLINED,AGENT
QUO-00047,CUST-00123,RENTERS,2020.69,2026-09-15,EXPIRED,WEB
QUO-00048,CUST-00127,HOME,22351.8,2026-09-26,QUOTED,PARTNER
QUO-00049,CUST-00129,AUTO,15023.54,2026-09-17,DECLINED,AGENT
QUO-00050,CUST-00134,AUTO,25101.72,2026-08-30,QUOTED,PARTNER
QUO-00051,CUST-00138,RENTERS,3603.59,2026-09-20,DECLINED,PARTNER
QUO-00052,CUST-00146,UMBRELLA,8697.07,2026-07-07,EXPIRED,PARTNER
QUO-00053,CUST-00148,RENTERS,4565.35,2026-09-01,EXPIRED,WEB
QUO-00054,CUST-00151,AUTO,31187.36,2026-09-11,DECLINED,PARTNER
QUO-00055,CUST-00152,HOME,16554.45,2026-08-23,DECLINED,AGENT
QUO-00056,CUST-00153,AUTO,31206.74,2026-09-02,EXPIRED,PARTNER
QUO-00057,CUST-00158,HOME,26992.7,2026-09-19,EXPIRED,PARTNER
QUO-00058,CUST-00163,UMBRELLA,3471.75,2026-09-10,QUOTED,AGENT
QUO-00059,CUST-00165,RENTERS,4828.13,2026-08-28,EXPIRED,AGENT
QUO-00060,CUST-00176,AUTO,40785.83,2026-08-14,EXPIRED,WEB
QUO-00061,CUST-00177,AUTO,43016.15,2026-08-27,EXPIRED,PARTNER
QUO-00062,CUST-00185,HOME,31330.16,2026-08-26,DECLINED,AGENT
QUO-00063,CUST-00187,AUTO,43602.21,2026-08-27,EXPIRED,AGENT
QUO-00064,CUST-00188,RENTERS,5191.58,2026-08-21,QUOTED,PARTNER
QUO-00065,CUST-00190,AUTO,27120.26,2026-08-31,DECLINED,AGENT
QUO-00066,CUST-00190,HOME,35094.92,2026-09-04,QUOTED,PARTNER
QUO-00067,CUST-00191,AUTO,35530.14,2026-08-31,QUOTED,WEB
QUO-00068,CUST-00193,HOME,29933.67,2026-08-31,QUOTED,WEB
QUO-00069,CUST-00193,UMBRELLA,8119.25,2026-09-13,BOUND,WEB
QUO-00070,CUST-00195,UMBRELLA,7675.81,2026-07-07,DECLINED,PARTNER
QUO-00071,CUST-00196,AUTO,14154.09,2026-09-29,DECLINED,AGENT
QUO-00072,CUST-00205,AUTO,42298.59,2026-09-14,QUOTED,PARTNER
QUO-00073,CUST-00206,AUTO,14624.96,2026-09-14,DECLINED,WEB
QUO-00074,CUST-00207,UMBRELLA,4891.85,2026-09-27,QUOTED,WEB
QUO-00075,CUST-00210,RENTERS,3025.17,2026-09-29,QUOTED,AGENT
QUO-00076,CUST-00211,AUTO,37540.86,2026-08-31,DECLINED,AGENT
QUO-00077,CUST-00215,AUTO,24343.9,2026-10-02,DECLINED,PARTNER
QUO-00078,CUST-00221,AUTO,24533.6,2026-09-15,QUOTED,WEB
QUO-00079,CUST-00225,HOME,24491.66,2026-08-23,DECLINED,WEB
QUO-00080,CUST-00225,RENTERS,3154.82,2026-07-06,DECLINED,AGENT
QUO-00081,CUST-00226,AUTO,41105.71,2026-09-15,DECLINED,WEB
QUO-00082,CUST-00234,AUTO,24992.16,2026-08-20,QUOTED,AGENT
QUO-00083,CUST-00240,HOME,28279.9,2026-08-22,DECLINED,PARTNER
QUO-00084,CUST-00244,RENTERS,4524.32,2026-08-15,EXPIRED,WEB
QUO-00085,CUST-00245,AUTO,48719.72,2026-08-01,DECLINED,PARTNER
QUO-00086,CUST-00246,AUTO,37735.8,2026-09-12,QUOTED,PARTNER
QUO-00087,CUST-00249,HOME,22241.5,2026-09-09,DECLINED,AGENT
QUO-00088,CUST-00254,AUTO,33626.23,2026-08-26,DECLINED,WEB
QUO-00089,CUST-00255,RENTERS,7084.01,2026-07-18,BOUND,WEB
QUO-00090,CUST-00259,AUTO,20027.79,2026-09-11,QUOTED,WEB
QUO-00091,CUST-00260,AUTO,26961.2,2026-09-12,QUOTED,WEB
QUO-00092,CUST-00264,HOME,8991.25,2026-09-05,EXPIRED,AGENT
QUO-00093,CUST-00268,RENTERS,4653.56,2026-07-18,BOUND,PARTNER
QUO-00094,CUST-00271,AUTO,35832.69,2026-10-01,QUOTED,AGENT
QUO-00095,CUST-00272,UMBRELLA,6017.51,2026-09-17,DECLINED,WEB
QUO-00096,CUST-00274,HOME,14335.17,2026-09-08,QUOTED,WEB
QUO-00097,CUST-00276,AUTO,45101.71,2026-08-04,EXPIRED,WEB
QUO-00098,CUST-00277,AUTO,23298.77,2026-09-14,EXPIRED,PARTNER
QUO-00099,CUST-00286,HOME,34582.08,2026-08-29,DECLINED,AGENT
QUO-00100,CUST-00287,HOME,38128.95,2026-09-22,EXPIRED,AGENT
QUO-00101,CUST-00292,AUTO,38747.69,2026-08-19,QUOTED,PARTNER
QUO-00102,CUST-00310,AUTO,37272.28,2026-10-03,DECLINED,WEB
QUO-00103,CUST-00313,AUTO,28762.14,2026-09-09,QUOTED,PARTNER
QUO-00104,CUST-00328,RENTERS,6242.48,2026-07-29,QUOTED,PARTNER
QUO-00105,CUST-00333,HOME,20675.44,2026-10-02,QUOTED,AGENT
QUO-00106,CUST-00334,HOME,14009.19,2026-10-03,BOUND,AGENT
QUO-00107,CUST-00336,AUTO,46755.03,2026-09-01,DECLINED,WEB
QUO-00108,CUST-00338,AUTO,17749.29,2026-09-13,QUOTED,AGENT
QUO-00109,CUST-00340,HOME,27606.05,2026-08-15,QUOTED,WEB
QUO-00110,CUST-00345,UMBRELLA,5849.46,2026-09-05,QUOTED,AGENT
QUO-00111,CUST-00350,AUTO,17801.84,2026-09-02,EXPIRED,AGENT
QUO-00112,CUST-00351,HOME,37818.82,2026-09-14,EXPIRED,WEB
QUO-00113,CUST-00353,HOME,34952.3,2026-08-09,EXPIRED,PARTNER
QUO-00114,CUST-00357,AUTO,16480.15,2026-08-19,QUOTED,AGENT
QUO-00115,CUST-00361,AUTO,35501.33,2026-08-21,DECLINED,PARTNER
QUO-00116,CUST-00363,AUTO,26580.53,2026-09-18,EXPIRED,AGENT
QUO-00117,CUST-00365,HOME,11553.03,2026-09-11,EXPIRED,PARTNER
QUO-00118,CUST-00366,HOME,17712.35,2026-09-08,EXPIRED,WEB
QUO-00119,CUST-00366,HOME,27468.91,2026-08-16,QUOTED,WEB
QUO-00120,CUST-00369,UMBRELLA,6302.86,2026-09-09,QUOTED,PARTNER
QUO-00121,CUST-00370,HOME,14134.33,2026-08-25,EXPIRED,AGENT
QUO-00122,CUST-00375,HOME,29244.73,2026-08-21,QUOTED,PARTNER
QUO-00123,CUST-00376,AUTO,31055.86,2026-08-17,QUOTED,WEB
QUO-00124,CUST-00379,UMBRELLA,9408.59,2026-07-23,BOUND,AGENT
QUO-00125,CUST-00380,HOME,10819.25,2026-08-27,DECLINED,WEB
QUO-00126,CUST-00381,AUTO,14233.29,2026-09-21,DECLINED,PARTNER
QUO-00127,CUST-00382,RENTERS,5990.05,2026-08-20,QUOTED,PARTNER
QUO-00128,CUST-00383,AUTO,38384.09,2026-08-07,EXPIRED,WEB
QUO-00129,CUST-00385,AUTO,41152.24,2026-09-15,QUOTED,WEB
QUO-00130,CUST-00390,AUTO,27946.6,2026-09-07,EXPIRED,WEB
QUO-00131,CUST-00391,AUTO,21801.7,2026-09-29,EXPIRED,PARTNER
QUO-00132,CUST-00392,HOME,10955.82,2026-08-30,EXPIRED,AGENT
QUO-00133,CUST-00393,UMBRELLA,7085.55,2026-08-30,DECLINED,WEB
QUO-00134,CUST-00401,AUTO,38405.08,2026-08-27,EXPIRED,WEB
QUO-00135,CUST-00402,RENTERS,2009.69,2026-08-30,EXPIRED,AGENT
QUO-00136,CUST-00403,HOME,19293.25,2026-08-29,QUOTED,AGENT
QUO-00137,CUST-00422,HOME,16115.34,2026-09-15,EXPIRED,PARTNER
QUO-00138,CUST-00436,RENTERS,7381.62,2026-09-09,BOUND,PARTNER
QUO-00139,CUST-00437,AUTO,34884.11,2026-08-01,DECLINED,WEB
QUO-00140,CUST-00439,AUTO,25836.65,2026-08-22,DECLINED,PARTNER
QUO-00141,CUST-00442,HOME,22546.15,2026-08-12,QUOTED,WEB
QUO-00142,CUST-00451,AUTO,12692.65,2026-09-21,DECLINED,PARTNER
QUO-00143,CUST-00454,AUTO,22260.88,2026-08-27,DECLINED,PARTNER
QUO-00144,CUST-00460,HOME,28006.16,2026-08-27,DECLINED,WEB
QUO-00145,CUST-00463,AUTO,30135.5,2026-08-19,EXPIRED,AGENT
QUO-00146,CUST-00469,AUTO,53200.54,2026-08-30,DECLINED,PARTNER
QUO-00147,CUST-00470,UMBRELLA,9360.97,2026-07-17,QUOTED,AGENT
QUO-00148,CUST-00471,AUTO,28707.78,2026-09-19,DECLINED,PARTNER
QUO-00149,CUST-00472,UMBRELLA,7593.1,2026-07-26,QUOTED,WEB
QUO-00150,CUST-00475,AUTO,36061.77,2026-08-09,DECLINED,PARTNER
QUO-00151,CUST-00475,UMBRELLA,4010.66,2026-07-31,EXPIRED,PARTNER
QUO-00152,CUST-00478,AUTO,29275.52,2026-08-17,QUOTED,AGENT
QUO-00153,CUST-00478,RENTERS,5392.85,2026-09-29,QUOTED,AGENT
QUO-00154,CUST-00480,HOME,27039.71,2026-08-25,EXPIRED,WEB
QUO-00155,CUST-00482,AUTO,17427.35,2026-08-11,DECLINED,PARTNER
QUO-00156,CUST-00483,HOME,19103.65,2026-09-03,QUOTED,WEB
QUO-00157,CUST-00485,AUTO,19769.24,2026-09-12,DECLINED,PARTNER
QUO-00158,CUST-00493,RENTERS,3809.99,2026-07-20,DECLINED,WEB
QUO-00159,CUST-00495,AUTO,12180.09,2026-08-23,QUOTED,WEB
QUO-00160,CUST-00496,HOME,24556.51,2026-08-08,EXPIRED,PARTNER
QUO-00161,CUST-00498,UMBRELLA,4635.77,2026-08-27,EXPIRED,WEB
QUO-00162,CUST-00499,RENTERS,6801.64,2026-10-01,QUOTED,WEB
QUO-00163,,AUTO,52369.49,2026-09-03,QUOTED,WEB
QUO-00164,,UMBRELLA,6644.17,2026-08-20,QUOTED,WEB
QUO-00165,,RENTERS,4342.56,2026-08-11,QUOTED,WEB
QUO-00166,,HOME,39434.85,2026-07-09,QUOTED,WEB
QUO-00167,,UMBRELLA,3741.77,2026-09-24,QUOTED,WEB
QUO-00168,,UMBRELLA,6028.8,2026-08-19,QUOTED,WEB
QUO-00169,,RENTERS,3249.24,2026-08-21,QUOTED,WEB
QUO-00170,,UMBRELLA,9205.59,2026-07-29,QUOTED,WEB
QUO-00171,,RENTERS,5828.91,2026-07-17,QUOTED,WEB
QUO-00172,,RENTERS,2936.37,2026-08-26,QUOTED,WEB
QUO-00173,,HOME,32812.65,2026-08-21,QUOTED,WEB
QUO-00174,,RENTERS,4201.75,2026-08-08,QUOTED,WEB
QUO-00175,,RENTERS,7243.79,2026-09-04,QUOTED,WEB
QUO-00176,,AUTO,41533.47,2026-07-16,QUOTED,WEB
QUO-00177,,UMBRELLA,9013.15,2026-09-27,QUOTED,WEB
QUO-00178,,UMBRELLA,3778.62,2026-08-03,QUOTED,WEB
QUO-00179,,AUTO,54473.15,2026-08-23,QUOTED,WEB
QUO-00180,,RENTERS,7166.88,2026-08-08,QUOTED,WEB
QUO-00181,,AUTO,46498.13,2026-09-09,QUOTED,WEB
QUO-00182,,RENTERS,6668.18,2026-07-19,QUOTED,WEB
QUO-00183,,AUTO,15137.22,2026-09-25,QUOTED,WEB
QUO-00184,,RENTERS,4455.07,2026-09-20,QUOTED,WEB
QUO-00185,,AUTO,41892.63,2026-07-18,QUOTED,WEB
QUO-00186,,RENTERS,2813.45,2026-07-24,QUOTED,WEB
QUO-00187,,AUTO,33868.5,2026-07-27,QUOTED,WEB
QUO-00188,,HOME,25045.07,2026-07-20,QUOTED,WEB
QUO-00189,,AUTO,29046.97,2026-09-28,QUOTED,WEB
QUO-00190,,HOME,14200.21,2026-07-24,QUOTED,WEB
QUO-00191,,HOME,15429.44,2026-09-15,QUOTED,WEB
QUO-00192,,HOME,18517.26,2026-09-12,QUOTED,WEB
QUO-00193,CUST-00001,AUTO,32900.0,2026-09-26,QUOTED,WEB
